Mchi,dMchi,ct,alphaD,xsec(pb),mA,mA/m1,m1,m2,delta
5.2500,0.5000,100.0000,0.1,2.879007068,10.5000,2.1000,5.0000,5.5000,0.1000
5.2500,0.5000,100.0000,aEM,0.362786827,10.5000,2.1000,5.0000,5.5000,0.1000
5.2500,0.5000,10.0000,0.1,4.24041044,10.5000,2.1000,5.0000,5.5000,0.1000
5.2500,0.5000,10.0000,aEM,1.18555189,10.5000,2.1000,5.0000,5.5000,0.1000
5.2500,0.5000,1.0000,0.1,13.7939352,10.5000,2.1000,5.0000,5.5000,0.1000
5.2500,0.5000,1.0000,aEM,4.217536,10.5000,2.1000,5.0000,5.5000,0.1000
5.5000,1.0000,100.0000,0.1,0.00020785129,10.5000,2.1000,5.0000,6.0000,0.2000
5.5000,1.0000,100.0000,aEM,0.00020785583,10.5000,2.1000,5.0000,6.0000,0.2000
5.5000,1.0000,10.0000,0.1,0.002078544,10.5000,2.1000,5.0000,6.0000,0.2000
5.5000,1.0000,10.0000,aEM,0.0020787745,10.5000,2.1000,5.0000,6.0000,0.2000
5.5000,1.0000,1.0000,0.1,0.020787151,10.5000,2.1000,5.0000,6.0000,0.2000
5.5000,1.0000,1.0000,aEM,0.020810508,10.5000,2.1000,5.0000,6.0000,0.2000
50.4000,4.8000,100.0000,0.1,1.12475239331,100.8000,2.1000,48.0000,52.8000,0.1000
50.4000,4.8000,100.0000,aEM,0.161439928519,100.8000,2.1000,48.0000,52.8000,0.1000
50.4000,4.8000,10.0000,0.1,1.89137634088,100.8000,2.1000,48.0000,52.8000,0.1000
50.4000,4.8000,10.0000,aEM,0.50028545802,100.8000,2.1000,48.0000,52.8000,0.1000
50.4000,4.8000,1.0000,0.1,5.8721064896,100.8000,2.1000,48.0000,52.8000,0.1000
50.4000,4.8000,1.0000,aEM,1.4844702591,100.8000,2.1000,48.0000,52.8000,0.1000
52.8000,9.6000,100.0000,0.1,3.7194213e-06,100.8000,2.1000,48.0000,57.6000,0.2000
52.8000,9.6000,100.0000,aEM,3.7192762e-06,100.8000,2.1000,48.0000,57.6000,0.2000
52.8000,9.6000,10.0000,0.1,3.7192291e-05,100.8000,2.1000,48.0000,57.6000,0.2000
52.8000,9.6000,10.0000,aEM,3.7193003e-05,100.8000,2.1000,48.0000,57.6000,0.2000
52.8000,9.6000,1.0000,0.1,0.00037192762,100.8000,2.1000,48.0000,57.6000,0.2000
52.8000,9.6000,1.0000,aEM,0.00037200155,100.8000,2.1000,48.0000,57.6000,0.2000
51.4500,4.9000,100.0000,0.1,1.08490540168,102.9000,2.1000,49.0000,53.9000,0.1000
51.4500,4.9000,100.0000,aEM,0.130624353994,102.9000,2.1000,49.0000,53.9000,0.1000
51.4500,4.9000,10.0000,0.1,1.52959213672,102.9000,2.1000,49.0000,53.9000,0.1000
51.4500,4.9000,10.0000,aEM,0.406770647689,102.9000,2.1000,49.0000,53.9000,0.1000
51.4500,4.9000,1.0000,0.1,4.78436784329,102.9000,2.1000,49.0000,53.9000,0.1000
51.4500,4.9000,1.0000,aEM,1.22736931178,102.9000,2.1000,49.0000,53.9000,0.1000
53.9000,9.8000,100.0000,0.1,3.0745456e-06,102.9000,2.1000,49.0000,58.8000,0.2000
53.9000,9.8000,100.0000,aEM,3.0743969e-06,102.9000,2.1000,49.0000,58.8000,0.2000
53.9000,9.8000,10.0000,0.1,3.0744092e-05,102.9000,2.1000,49.0000,58.8000,0.2000
53.9000,9.8000,10.0000,aEM,3.0745424e-05,102.9000,2.1000,49.0000,58.8000,0.2000
53.9000,9.8000,1.0000,0.1,0.00030744313,102.9000,2.1000,49.0000,58.8000,0.2000
53.9000,9.8000,1.0000,aEM,0.00030750545,102.9000,2.1000,49.0000,58.8000,0.2000
35.7000,3.4000,100.0000,0.1,0.075821008,102.0000,3.0000,34.0000,37.4000,0.1000
35.7000,3.4000,100.0000,aEM,0.62086863,102.0000,3.0000,34.0000,37.4000,0.1000
35.7000,3.4000,10.0000,0.1,0.75830692,102.0000,3.0000,34.0000,37.4000,0.1000
35.7000,3.4000,10.0000,aEM,5.8175841,102.0000,3.0000,34.0000,37.4000,0.1000
35.7000,3.4000,1.0000,0.1,7.5987526,102.0000,3.0000,34.0000,37.4000,0.1000
35.7000,3.4000,1.0000,aEM,35.899001,102.0000,3.0000,34.0000,37.4000,0.1000
37.4000,6.8000,100.0000,0.1,0.0023002229,102.0000,3.0000,34.0000,40.8000,0.2000
37.4000,6.8000,100.0000,aEM,0.0194620657,102.0000,3.0000,34.0000,40.8000,0.2000
37.4000,6.8000,10.0000,0.1,0.02300233,102.0000,3.0000,34.0000,40.8000,0.2000
37.4000,6.8000,10.0000,aEM,0.193990273,102.0000,3.0000,34.0000,40.8000,0.2000
37.4000,6.8000,1.0000,0.1,0.23003376,102.0000,3.0000,34.0000,40.8000,0.2000
37.4000,6.8000,1.0000,aEM,1.90124065,102.0000,3.0000,34.0000,40.8000,0.2000
52.5000,5.0000,100.0000,0.1,1.04448133431,105.0000,2.1000,50.0000,55.0000,0.1000
52.5000,5.0000,100.0000,aEM,0.109313406053,105.0000,2.1000,50.0000,55.0000,0.1000
52.5000,5.0000,10.0000,0.1,1.2804646484,105.0000,2.1000,50.0000,55.0000,0.1000
52.5000,5.0000,10.0000,aEM,0.34323488623,105.0000,2.1000,50.0000,55.0000,0.1000
52.5000,5.0000,1.0000,0.1,4.0278954713,105.0000,2.1000,50.0000,55.0000,0.1000
52.5000,5.0000,1.0000,aEM,1.044214303,105.0000,2.1000,50.0000,55.0000,0.1000
55.0000,10.0000,100.0000,0.1,2.6351132e-06,105.0000,2.1000,50.0000,60.0000,0.2000
55.0000,10.0000,100.0000,aEM,2.6351145e-06,105.0000,2.1000,50.0000,60.0000,0.2000
55.0000,10.0000,10.0000,0.1,2.635111e-05,105.0000,2.1000,50.0000,60.0000,0.2000
55.0000,10.0000,10.0000,aEM,2.6351376e-05,105.0000,2.1000,50.0000,60.0000,0.2000
55.0000,10.0000,1.0000,0.1,0.00026351143,105.0000,2.1000,50.0000,60.0000,0.2000
55.0000,10.0000,1.0000,aEM,0.00026355935,105.0000,2.1000,50.0000,60.0000,0.2000
36.7500,3.5000,100.0000,0.1,0.045651947,105.0000,3.0000,35.0000,38.5000,0.1000
36.7500,3.5000,100.0000,aEM,0.382717616,105.0000,3.0000,35.0000,38.5000,0.1000
36.7500,3.5000,10.0000,0.1,0.45660299,105.0000,3.0000,35.0000,38.5000,0.1000
36.7500,3.5000,10.0000,aEM,3.67520875,105.0000,3.0000,35.0000,38.5000,0.1000
36.7500,3.5000,1.0000,0.1,4.5701491,105.0000,3.0000,35.0000,38.5000,0.1000
36.7500,3.5000,1.0000,aEM,25.9779899,105.0000,3.0000,35.0000,38.5000,0.1000
38.5000,7.0000,100.0000,0.1,0.001378394,105.0000,3.0000,35.0000,42.0000,0.2000
38.5000,7.0000,100.0000,aEM,0.0119823649,105.0000,3.0000,35.0000,42.0000,0.2000
38.5000,7.0000,10.0000,0.1,0.01378668,105.0000,3.0000,35.0000,42.0000,0.2000
38.5000,7.0000,10.0000,aEM,0.119726813,105.0000,3.0000,35.0000,42.0000,0.2000
38.5000,7.0000,1.0000,0.1,0.13784713,105.0000,3.0000,35.0000,42.0000,0.2000
38.5000,7.0000,1.0000,aEM,1.18172935,105.0000,3.0000,35.0000,42.0000,0.2000
53.5500,5.1000,100.0000,0.1,1.0082929265,107.1000,2.1000,51.0000,56.1000,0.1000
53.5500,5.1000,100.0000,aEM,0.093713217058,107.1000,2.1000,51.0000,56.1000,0.1000
53.5500,5.1000,10.0000,0.1,1.09807426836,107.1000,2.1000,51.0000,56.1000,0.1000
53.5500,5.1000,10.0000,aEM,0.29347120249,107.1000,2.1000,51.0000,56.1000,0.1000
53.5500,5.1000,1.0000,0.1,3.4512173538,107.1000,2.1000,51.0000,56.1000,0.1000
53.5500,5.1000,1.0000,aEM,0.9076134363,107.1000,2.1000,51.0000,56.1000,0.1000
56.1000,10.2000,100.0000,0.1,2.2885958e-06,107.1000,2.1000,51.0000,61.2000,0.2000
56.1000,10.2000,100.0000,aEM,2.2886311e-06,107.1000,2.1000,51.0000,61.2000,0.2000
56.1000,10.2000,10.0000,0.1,2.2886301e-05,107.1000,2.1000,51.0000,61.2000,0.2000
56.1000,10.2000,10.0000,aEM,2.2886654e-05,107.1000,2.1000,51.0000,61.2000,0.2000
56.1000,10.2000,1.0000,0.1,0.00022886654,107.1000,2.1000,51.0000,61.2000,0.2000
56.1000,10.2000,1.0000,aEM,0.00022890155,107.1000,2.1000,51.0000,61.2000,0.2000
37.8000,3.6000,100.0000,0.1,0.030256354,108.0000,3.0000,36.0000,39.6000,0.1000
37.8000,3.6000,100.0000,aEM,0.26139156,108.0000,3.0000,36.0000,39.6000,0.1000
37.8000,3.6000,10.0000,0.1,0.30244193,108.0000,3.0000,36.0000,39.6000,0.1000
37.8000,3.6000,10.0000,aEM,2.53729444,108.0000,3.0000,36.0000,39.6000,0.1000
37.8000,3.6000,1.0000,0.1,3.0258878,108.0000,3.0000,36.0000,39.6000,0.1000
37.8000,3.6000,1.0000,aEM,19.5207402,108.0000,3.0000,36.0000,39.6000,0.1000
39.6000,7.2000,100.0000,0.1,0.00090672602,108.0000,3.0000,36.0000,43.2000,0.2000
39.6000,7.2000,100.0000,aEM,0.008173144,108.0000,3.0000,36.0000,43.2000,0.2000
39.6000,7.2000,10.0000,0.1,0.0090672602,108.0000,3.0000,36.0000,43.2000,0.2000
39.6000,7.2000,10.0000,aEM,0.081643769,108.0000,3.0000,36.0000,43.2000,0.2000
39.6000,7.2000,1.0000,0.1,0.090677099,108.0000,3.0000,36.0000,43.2000,0.2000
39.6000,7.2000,1.0000,aEM,0.80753071,108.0000,3.0000,36.0000,43.2000,0.2000
54.6000,5.2000,100.0000,0.1,0.974510176293,109.2000,2.1000,52.0000,57.2000,0.1000
54.6000,5.2000,100.0000,aEM,0.082063276848,109.2000,2.1000,52.0000,57.2000,0.1000
54.6000,5.2000,10.0000,0.1,0.97457346726,109.2000,2.1000,52.0000,57.2000,0.1000
54.6000,5.2000,10.0000,aEM,0.2571879823,109.2000,2.1000,52.0000,57.2000,0.1000
54.6000,5.2000,1.0000,0.1,3.0154862284,109.2000,2.1000,52.0000,57.2000,0.1000
54.6000,5.2000,1.0000,aEM,0.7976108944,109.2000,2.1000,52.0000,57.2000,0.1000
57.2000,10.4000,100.0000,0.1,2.0149269e-06,109.2000,2.1000,52.0000,62.4000,0.2000
57.2000,10.4000,100.0000,aEM,2.0149026e-06,109.2000,2.1000,52.0000,62.4000,0.2000
57.2000,10.4000,10.0000,0.1,2.0149137e-05,109.2000,2.1000,52.0000,62.4000,0.2000
57.2000,10.4000,10.0000,aEM,2.0149247e-05,109.2000,2.1000,52.0000,62.4000,0.2000
57.2000,10.4000,1.0000,0.1,0.00020149147,109.2000,2.1000,52.0000,62.4000,0.2000
57.2000,10.4000,1.0000,aEM,0.00020152362,109.2000,2.1000,52.0000,62.4000,0.2000
55.6500,5.3000,100.0000,0.1,0.941251251413,111.3000,2.1000,53.0000,58.3000,0.1000
55.6500,5.3000,100.0000,aEM,0.072879621858,111.3000,2.1000,53.0000,58.3000,0.1000
55.6500,5.3000,10.0000,0.1,0.94134441636,111.3000,2.1000,53.0000,58.3000,0.1000
55.6500,5.3000,10.0000,aEM,0.22909601616,111.3000,2.1000,53.0000,58.3000,0.1000
55.6500,5.3000,1.0000,0.1,2.6819309204,111.3000,2.1000,53.0000,58.3000,0.1000
55.6500,5.3000,1.0000,aEM,0.7120898861,111.3000,2.1000,53.0000,58.3000,0.1000
58.3000,10.6000,100.0000,0.1,1.80356459e-06,111.3000,2.1000,53.0000,63.6000,0.2000
58.3000,10.6000,100.0000,aEM,1.80356349e-06,111.3000,2.1000,53.0000,63.6000,0.2000
58.3000,10.6000,10.0000,0.1,1.80354016e-05,111.3000,2.1000,53.0000,63.6000,0.2000
58.3000,10.6000,10.0000,aEM,1.80357571e-05,111.3000,2.1000,53.0000,63.6000,0.2000
58.3000,10.6000,1.0000,0.1,0.00018035646,111.3000,2.1000,53.0000,63.6000,0.2000
58.3000,10.6000,1.0000,aEM,0.000180382049,111.3000,2.1000,53.0000,63.6000,0.2000
38.8500,3.7000,100.0000,0.1,0.021209105,111.0000,3.0000,37.0000,40.7000,0.1000
38.8500,3.7000,100.0000,aEM,0.192312726,111.0000,3.0000,37.0000,40.7000,0.1000
38.8500,3.7000,10.0000,0.1,0.21212517,111.0000,3.0000,37.0000,40.7000,0.1000
38.8500,3.7000,10.0000,aEM,1.8772831,111.0000,3.0000,37.0000,40.7000,0.1000
38.8500,3.7000,1.0000,0.1,2.1217965,111.0000,3.0000,37.0000,40.7000,0.1000
38.8500,3.7000,1.0000,aEM,15.2020853,111.0000,3.0000,37.0000,40.7000,0.1000
40.7000,7.4000,100.0000,0.1,0.00063089819,111.0000,3.0000,37.0000,44.4000,0.2000
40.7000,7.4000,100.0000,aEM,0.00599070109,111.0000,3.0000,37.0000,44.4000,0.2000
40.7000,7.4000,10.0000,0.1,0.006309123,111.0000,3.0000,37.0000,44.4000,0.2000
40.7000,7.4000,10.0000,aEM,0.0598577051,111.0000,3.0000,37.0000,44.4000,0.2000
40.7000,7.4000,1.0000,0.1,0.063092827,111.0000,3.0000,37.0000,44.4000,0.2000
40.7000,7.4000,1.0000,aEM,0.594413789,111.0000,3.0000,37.0000,44.4000,0.2000
56.7000,5.4000,100.0000,0.1,0.912869111535,113.4000,2.1000,54.0000,59.4000,0.1000
56.7000,5.4000,100.0000,aEM,0.066628991839,113.4000,2.1000,54.0000,59.4000,0.1000
56.7000,5.4000,10.0000,0.1,0.91302821817,113.4000,2.1000,54.0000,59.4000,0.1000
56.7000,5.4000,10.0000,aEM,0.20736992369,113.4000,2.1000,54.0000,59.4000,0.1000
56.7000,5.4000,1.0000,0.1,2.4304499369,113.4000,2.1000,54.0000,59.4000,0.1000
56.7000,5.4000,1.0000,aEM,0.6431866053,113.4000,2.1000,54.0000,59.4000,0.1000
59.4000,10.8000,100.0000,0.1,1.62102097e-06,113.4000,2.1000,54.0000,64.8000,0.2000
59.4000,10.8000,100.0000,aEM,1.6210465e-06,113.4000,2.1000,54.0000,64.8000,0.2000
59.4000,10.8000,10.0000,0.1,1.62102508e-05,113.4000,2.1000,54.0000,64.8000,0.2000
59.4000,10.8000,10.0000,aEM,1.62106962e-05,113.4000,2.1000,54.0000,64.8000,0.2000
59.4000,10.8000,1.0000,0.1,0.00016210465,113.4000,2.1000,54.0000,64.8000,0.2000
59.4000,10.8000,1.0000,aEM,0.000162128824,113.4000,2.1000,54.0000,64.8000,0.2000
39.9000,3.8000,100.0000,0.1,0.01567878,114.0000,3.0000,38.0000,41.8000,0.1000
39.9000,3.8000,100.0000,aEM,0.147972085,114.0000,3.0000,38.0000,41.8000,0.1000
39.9000,3.8000,10.0000,0.1,0.15683527,114.0000,3.0000,38.0000,41.8000,0.1000
39.9000,3.8000,10.0000,aEM,1.45233885,114.0000,3.0000,38.0000,41.8000,0.1000
39.9000,3.8000,1.0000,0.1,1.5682614,114.0000,3.0000,38.0000,41.8000,0.1000
39.9000,3.8000,1.0000,aEM,12.1591936,114.0000,3.0000,38.0000,41.8000,0.1000
41.8000,7.6000,100.0000,0.1,0.00046314034,114.0000,3.0000,38.0000,45.6000,0.2000
41.8000,7.6000,100.0000,aEM,0.0046133547,114.0000,3.0000,38.0000,45.6000,0.2000
41.8000,7.6000,10.0000,0.1,0.0046311993,114.0000,3.0000,38.0000,45.6000,0.2000
41.8000,7.6000,10.0000,aEM,0.0460969458,114.0000,3.0000,38.0000,45.6000,0.2000
41.8000,7.6000,1.0000,0.1,0.046313068,114.0000,3.0000,38.0000,45.6000,0.2000
41.8000,7.6000,1.0000,aEM,0.457947694,114.0000,3.0000,38.0000,45.6000,0.2000
57.7500,5.5000,100.0000,0.1,0.884730139364,115.5000,2.1000,55.0000,60.5000,0.1000
57.7500,5.5000,100.0000,aEM,0.064567219746,115.5000,2.1000,55.0000,60.5000,0.1000
57.7500,5.5000,10.0000,0.1,0.88480319625,115.5000,2.1000,55.0000,60.5000,0.1000
57.7500,5.5000,10.0000,aEM,0.1888862837,115.5000,2.1000,55.0000,60.5000,0.1000
57.7500,5.5000,1.0000,0.1,2.2127485623,115.5000,2.1000,55.0000,60.5000,0.1000
57.7500,5.5000,1.0000,aEM,0.5891172461,115.5000,2.1000,55.0000,60.5000,0.1000
60.5000,11.0000,100.0000,0.1,1.478521e-06,115.5000,2.1000,55.0000,66.0000,0.2000
60.5000,11.0000,100.0000,aEM,1.47859075e-06,115.5000,2.1000,55.0000,66.0000,0.2000
60.5000,11.0000,10.0000,0.1,1.47855322e-05,115.5000,2.1000,55.0000,66.0000,0.2000
60.5000,11.0000,10.0000,aEM,1.47859075e-05,115.5000,2.1000,55.0000,66.0000,0.2000
60.5000,11.0000,1.0000,0.1,0.000147858865,115.5000,2.1000,55.0000,66.0000,0.2000
60.5000,11.0000,1.0000,aEM,0.000147878373,115.5000,2.1000,55.0000,66.0000,0.2000
58.8000,5.6000,100.0000,0.1,0.860465689218,117.6000,2.1000,56.0000,61.6000,0.1000
58.8000,5.6000,100.0000,aEM,0.062795209444,117.6000,2.1000,56.0000,61.6000,0.1000
58.8000,5.6000,10.0000,0.1,0.86051149392,117.6000,2.1000,56.0000,61.6000,0.1000
58.8000,5.6000,10.0000,aEM,0.17280333559,117.6000,2.1000,56.0000,61.6000,0.1000
58.8000,5.6000,1.0000,0.1,2.0239345962,117.6000,2.1000,56.0000,61.6000,0.1000
58.8000,5.6000,1.0000,aEM,0.5412677946,117.6000,2.1000,56.0000,61.6000,0.1000
61.6000,11.2000,100.0000,0.1,1.34701843e-06,117.6000,2.1000,56.0000,67.2000,0.2000
61.6000,11.2000,100.0000,aEM,1.34701843e-06,117.6000,2.1000,56.0000,67.2000,0.2000
61.6000,11.2000,10.0000,0.1,1.34698601e-05,117.6000,2.1000,56.0000,67.2000,0.2000
61.6000,11.2000,10.0000,aEM,1.34702053e-05,117.6000,2.1000,56.0000,67.2000,0.2000
61.6000,11.2000,1.0000,0.1,0.000134701843,117.6000,2.1000,56.0000,67.2000,0.2000
61.6000,11.2000,1.0000,aEM,0.000134717707,117.6000,2.1000,56.0000,67.2000,0.2000
40.9500,3.9000,100.0000,0.1,0.011933354,117.0000,3.0000,39.0000,42.9000,0.1000
40.9500,3.9000,100.0000,aEM,0.118489663,117.0000,3.0000,39.0000,42.9000,0.1000
40.9500,3.9000,10.0000,0.1,0.11934195,117.0000,3.0000,39.0000,42.9000,0.1000
40.9500,3.9000,10.0000,aEM,1.16668587,117.0000,3.0000,39.0000,42.9000,0.1000
40.9500,3.9000,1.0000,0.1,1.1941207,117.0000,3.0000,39.0000,42.9000,0.1000
40.9500,3.9000,1.0000,aEM,10.0365031,117.0000,3.0000,39.0000,42.9000,0.1000
42.9000,7.8000,100.0000,0.1,0.00034935093,117.0000,3.0000,39.0000,46.8000,0.2000
42.9000,7.8000,100.0000,aEM,0.00368712087,117.0000,3.0000,39.0000,46.8000,0.2000
42.9000,7.8000,10.0000,0.1,0.0034935455,117.0000,3.0000,39.0000,46.8000,0.2000
42.9000,7.8000,10.0000,aEM,0.0368531161,117.0000,3.0000,39.0000,46.8000,0.2000
42.9000,7.8000,1.0000,0.1,0.034935747,117.0000,3.0000,39.0000,46.8000,0.2000
42.9000,7.8000,1.0000,aEM,0.365859312,117.0000,3.0000,39.0000,46.8000,0.2000
59.8500,5.7000,100.0000,0.1,0.833087046243,119.7000,2.1000,57.0000,62.7000,0.1000
59.8500,5.7000,100.0000,aEM,0.060796926437,119.7000,2.1000,57.0000,62.7000,0.1000
59.8500,5.7000,10.0000,0.1,0.83312536406,119.7000,2.1000,57.0000,62.7000,0.1000
59.8500,5.7000,10.0000,aEM,0.15911587161,119.7000,2.1000,57.0000,62.7000,0.1000
42.0000,4.0000,10.0000,0.1,0.094042965,120.0000,3.0000,40.0000,44.0000,0.1000
59.8500,5.7000,1.0000,0.1,1.8640279619,119.7000,2.1000,57.0000,62.7000,0.1000
59.8500,5.7000,1.0000,aEM,0.4987641399,119.7000,2.1000,57.0000,62.7000,0.1000
62.7000,11.4000,100.0000,0.1,1.24324821e-06,119.7000,2.1000,57.0000,68.4000,0.2000
62.7000,11.4000,100.0000,aEM,1.24326031e-06,119.7000,2.1000,57.0000,68.4000,0.2000
62.7000,11.4000,10.0000,0.1,1.24327041e-05,119.7000,2.1000,57.0000,68.4000,0.2000
62.7000,11.4000,10.0000,aEM,1.24327473e-05,119.7000,2.1000,57.0000,68.4000,0.2000
62.7000,11.4000,1.0000,0.1,0.000124327363,119.7000,2.1000,57.0000,68.4000,0.2000
62.7000,11.4000,1.0000,aEM,0.000124342805,119.7000,2.1000,57.0000,68.4000,0.2000
6.3000,0.6000,100.0000,0.1,2.843185646,12.6000,2.1000,6.0000,6.6000,0.1000
6.3000,0.6000,100.0000,aEM,0.32940679,12.6000,2.1000,6.0000,6.6000,0.1000
6.3000,0.6000,10.0000,0.1,3.84902451,12.6000,2.1000,6.0000,6.6000,0.1000
6.3000,0.6000,10.0000,aEM,1.07546915,12.6000,2.1000,6.0000,6.6000,0.1000
6.3000,0.6000,1.0000,0.1,12.5062187,12.6000,2.1000,6.0000,6.6000,0.1000
6.3000,0.6000,1.0000,aEM,3.7790495,12.6000,2.1000,6.0000,6.6000,0.1000
6.6000,1.2000,100.0000,0.1,0.00017290397,12.6000,2.1000,6.0000,7.2000,0.2000
6.6000,1.2000,100.0000,aEM,0.00017290651,12.6000,2.1000,6.0000,7.2000,0.2000
6.6000,1.2000,10.0000,0.1,0.001729063,12.6000,2.1000,6.0000,7.2000,0.2000
6.6000,1.2000,10.0000,aEM,0.0017292329,12.6000,2.1000,6.0000,7.2000,0.2000
6.6000,1.2000,1.0000,0.1,0.017291807,12.6000,2.1000,6.0000,7.2000,0.2000
6.6000,1.2000,1.0000,aEM,0.017308128,12.6000,2.1000,6.0000,7.2000,0.2000
42.0000,4.0000,100.0000,0.1,0.009403757,120.0000,3.0000,40.0000,44.0000,0.1000
42.0000,4.0000,100.0000,aEM,0.0983570768,120.0000,3.0000,40.0000,44.0000,0.1000
42.0000,4.0000,10.0000,aEM,0.969089801,120.0000,3.0000,40.0000,44.0000,0.1000
42.0000,4.0000,1.0000,0.1,0.94104243,120.0000,3.0000,40.0000,44.0000,0.1000
42.0000,4.0000,1.0000,aEM,8.50486918,120.0000,3.0000,40.0000,44.0000,0.1000
44.0000,8.0000,100.0000,0.1,0.00026946568,120.0000,3.0000,40.0000,48.0000,0.2000
44.0000,8.0000,100.0000,aEM,0.003057662,120.0000,3.0000,40.0000,48.0000,0.2000
44.0000,8.0000,10.0000,0.1,0.0026945791,120.0000,3.0000,40.0000,48.0000,0.2000
44.0000,8.0000,10.0000,aEM,0.0305625202,120.0000,3.0000,40.0000,48.0000,0.2000
44.0000,8.0000,1.0000,0.1,0.026945971,120.0000,3.0000,40.0000,48.0000,0.2000
44.0000,8.0000,1.0000,aEM,0.304043685,120.0000,3.0000,40.0000,48.0000,0.2000
60.9000,5.8000,100.0000,0.1,0.813202046414,121.8000,2.1000,58.0000,63.8000,0.1000
60.9000,5.8000,100.0000,aEM,0.059350666577,121.8000,2.1000,58.0000,63.8000,0.1000
60.9000,5.8000,10.0000,0.1,0.81323506457,121.8000,2.1000,58.0000,63.8000,0.1000
60.9000,5.8000,10.0000,aEM,0.14886724822,121.8000,2.1000,58.0000,63.8000,0.1000
60.9000,5.8000,1.0000,0.1,1.7440073431,121.8000,2.1000,58.0000,63.8000,0.1000
60.9000,5.8000,1.0000,aEM,0.4647707286,121.8000,2.1000,58.0000,63.8000,0.1000
63.8000,11.6000,100.0000,0.1,1.14898149e-06,121.8000,2.1000,58.0000,69.6000,0.2000
63.8000,11.6000,100.0000,aEM,1.14889054e-06,121.8000,2.1000,58.0000,69.6000,0.2000
63.8000,11.6000,10.0000,0.1,1.14889054e-05,121.8000,2.1000,58.0000,69.6000,0.2000
63.8000,11.6000,10.0000,aEM,1.14893386e-05,121.8000,2.1000,58.0000,69.6000,0.2000
63.8000,11.6000,1.0000,0.1,0.000114891376,121.8000,2.1000,58.0000,69.6000,0.2000
63.8000,11.6000,1.0000,aEM,0.000114906686,121.8000,2.1000,58.0000,69.6000,0.2000
61.9500,5.9000,100.0000,0.1,0.79039942735,123.9000,2.1000,59.0000,64.9000,0.1000
61.9500,5.9000,100.0000,aEM,0.057680567413,123.9000,2.1000,59.0000,64.9000,0.1000
61.9500,5.9000,10.0000,0.1,0.79043807392,123.9000,2.1000,59.0000,64.9000,0.1000
61.9500,5.9000,10.0000,aEM,0.1386770154,123.9000,2.1000,59.0000,64.9000,0.1000
61.9500,5.9000,1.0000,0.1,1.6257133171,123.9000,2.1000,59.0000,64.9000,0.1000
61.9500,5.9000,1.0000,aEM,0.4341204525,123.9000,2.1000,59.0000,64.9000,0.1000
64.9000,11.8000,100.0000,0.1,1.06265806e-06,123.9000,2.1000,59.0000,70.8000,0.2000
64.9000,11.8000,100.0000,aEM,1.06266027e-06,123.9000,2.1000,59.0000,70.8000,0.2000
64.9000,11.8000,10.0000,0.1,1.06266038e-05,123.9000,2.1000,59.0000,70.8000,0.2000
64.9000,11.8000,10.0000,aEM,1.06267068e-05,123.9000,2.1000,59.0000,70.8000,0.2000
64.9000,11.8000,1.0000,0.1,0.000106265037,123.9000,2.1000,59.0000,70.8000,0.2000
64.9000,11.8000,1.0000,aEM,0.000106279036,123.9000,2.1000,59.0000,70.8000,0.2000
43.0500,4.1000,100.0000,0.1,0.0075171296,123.0000,3.0000,41.0000,45.1000,0.1000
43.0500,4.1000,100.0000,aEM,0.082622258,123.0000,3.0000,41.0000,45.1000,0.1000
43.0500,4.1000,10.0000,0.1,0.075175302,123.0000,3.0000,41.0000,45.1000,0.1000
43.0500,4.1000,10.0000,aEM,0.81749625,123.0000,3.0000,41.0000,45.1000,0.1000
43.0500,4.1000,1.0000,0.1,0.7526884,123.0000,3.0000,41.0000,45.1000,0.1000
43.0500,4.1000,1.0000,aEM,7.25907528,123.0000,3.0000,41.0000,45.1000,0.1000
45.1000,8.2000,100.0000,0.1,0.000209373275,123.0000,3.0000,41.0000,49.2000,0.2000
45.1000,8.2000,100.0000,aEM,0.002559958995,123.0000,3.0000,41.0000,49.2000,0.2000
45.1000,8.2000,10.0000,0.1,0.00209377029,123.0000,3.0000,41.0000,49.2000,0.2000
45.1000,8.2000,10.0000,aEM,0.02558451746,123.0000,3.0000,41.0000,49.2000,0.2000
45.1000,8.2000,1.0000,0.1,0.0209377337,123.0000,3.0000,41.0000,49.2000,0.2000
45.1000,8.2000,1.0000,aEM,0.25479259,123.0000,3.0000,41.0000,49.2000,0.2000
63.0000,6.0000,100.0000,0.1,0.769672251097,126.0000,2.1000,60.0000,66.0000,0.1000
63.0000,6.0000,100.0000,aEM,0.056167121159,126.0000,2.1000,60.0000,66.0000,0.1000
63.0000,6.0000,10.0000,0.1,0.76969541128,126.0000,2.1000,60.0000,66.0000,0.1000
63.0000,6.0000,10.0000,aEM,0.1300635208,126.0000,2.1000,60.0000,66.0000,0.1000
63.0000,6.0000,1.0000,0.1,1.5225768744,126.0000,2.1000,60.0000,66.0000,0.1000
63.0000,6.0000,1.0000,aEM,0.4096670906,126.0000,2.1000,60.0000,66.0000,0.1000
66.0000,12.0000,100.0000,0.1,9.884005e-07,126.0000,2.1000,60.0000,72.0000,0.2000
66.0000,12.0000,100.0000,aEM,9.8845988e-07,126.0000,2.1000,60.0000,72.0000,0.2000
66.0000,12.0000,10.0000,0.1,9.8842585e-06,126.0000,2.1000,60.0000,72.0000,0.2000
66.0000,12.0000,10.0000,aEM,9.8845988e-06,126.0000,2.1000,60.0000,72.0000,0.2000
66.0000,12.0000,1.0000,0.1,9.8845756e-05,126.0000,2.1000,60.0000,72.0000,0.2000
66.0000,12.0000,1.0000,aEM,9.8857525e-05,126.0000,2.1000,60.0000,72.0000,0.2000
44.1000,4.2000,100.0000,0.1,0.0061114335,126.0000,3.0000,42.0000,46.2000,0.1000
44.1000,4.2000,100.0000,aEM,0.0713312443,126.0000,3.0000,42.0000,46.2000,0.1000
44.1000,4.2000,10.0000,0.1,0.061119065,126.0000,3.0000,42.0000,46.2000,0.1000
44.1000,4.2000,10.0000,aEM,0.704865826,126.0000,3.0000,42.0000,46.2000,0.1000
44.1000,4.2000,1.0000,0.1,0.61137982,126.0000,3.0000,42.0000,46.2000,0.1000
44.1000,4.2000,1.0000,aEM,6.3391708,126.0000,3.0000,42.0000,46.2000,0.1000
46.2000,8.4000,100.0000,0.1,0.0001663581063,126.0000,3.0000,42.0000,50.4000,0.2000
46.2000,8.4000,100.0000,aEM,0.0022028305119,126.0000,3.0000,42.0000,50.4000,0.2000
46.2000,8.4000,10.0000,0.1,0.001663604665,126.0000,3.0000,42.0000,50.4000,0.2000
46.2000,8.4000,10.0000,aEM,0.022018964102,126.0000,3.0000,42.0000,50.4000,0.2000
46.2000,8.4000,1.0000,0.1,0.01661817924,126.0000,3.0000,42.0000,50.4000,0.2000
46.2000,8.4000,1.0000,aEM,0.21935012462,126.0000,3.0000,42.0000,50.4000,0.2000
64.0500,6.1000,100.0000,0.1,0.750250079074,128.1000,2.1000,61.0000,67.1000,0.1000
64.0500,6.1000,100.0000,aEM,0.0547500591094,128.1000,2.1000,61.0000,67.1000,0.1000
64.0500,6.1000,10.0000,0.1,0.750269990982,128.1000,2.1000,61.0000,67.1000,0.1000
64.0500,6.1000,10.0000,aEM,0.1228750186,128.1000,2.1000,61.0000,67.1000,0.1000
64.0500,6.1000,1.0000,0.1,1.4398284645,128.1000,2.1000,61.0000,67.1000,0.1000
64.0500,6.1000,1.0000,aEM,0.38552538519,128.1000,2.1000,61.0000,67.1000,0.1000
67.1000,12.2000,100.0000,0.1,9.2545462e-07,128.1000,2.1000,61.0000,73.2000,0.2000
67.1000,12.2000,100.0000,aEM,9.2540384e-07,128.1000,2.1000,61.0000,73.2000,0.2000
67.1000,12.2000,10.0000,0.1,9.2540847e-06,128.1000,2.1000,61.0000,73.2000,0.2000
67.1000,12.2000,10.0000,aEM,9.2540848e-06,128.1000,2.1000,61.0000,73.2000,0.2000
67.1000,12.2000,1.0000,0.1,9.2541948e-05,128.1000,2.1000,61.0000,73.2000,0.2000
67.1000,12.2000,1.0000,aEM,9.2552721e-05,128.1000,2.1000,61.0000,73.2000,0.2000
45.1500,4.3000,100.0000,0.1,0.0049571941,129.0000,3.0000,43.0000,47.3000,0.1000
45.1500,4.3000,100.0000,aEM,0.0621095506,129.0000,3.0000,43.0000,47.3000,0.1000
45.1500,4.3000,10.0000,0.1,0.049574245,129.0000,3.0000,43.0000,47.3000,0.1000
45.1500,4.3000,10.0000,aEM,0.615247745,129.0000,3.0000,43.0000,47.3000,0.1000
45.1500,4.3000,1.0000,0.1,0.49663425,129.0000,3.0000,43.0000,47.3000,0.1000
45.1500,4.3000,1.0000,aEM,5.56837884,129.0000,3.0000,43.0000,47.3000,0.1000
47.3000,8.6000,100.0000,0.1,0.0001422869002,129.0000,3.0000,43.0000,51.6000,0.2000
47.3000,8.6000,100.0000,aEM,0.001929383665,129.0000,3.0000,43.0000,51.6000,0.2000
47.3000,8.6000,10.0000,0.1,0.001422845458,129.0000,3.0000,43.0000,51.6000,0.2000
47.3000,8.6000,10.0000,aEM,0.019292634087,129.0000,3.0000,43.0000,51.6000,0.2000
47.3000,8.6000,1.0000,0.1,0.01422928771,129.0000,3.0000,43.0000,51.6000,0.2000
47.3000,8.6000,1.0000,aEM,0.19240313368,129.0000,3.0000,43.0000,51.6000,0.2000
4.2000,0.4000,100.0000,0.1,0.118152456,12.0000,3.0000,4.0000,4.4000,0.1000
4.2000,0.4000,100.0000,aEM,1.256665156,12.0000,3.0000,4.0000,4.4000,0.1000
4.2000,0.4000,10.0000,0.1,1.18245429,12.0000,3.0000,4.0000,4.4000,0.1000
4.2000,0.4000,10.0000,aEM,11.95968386,12.0000,3.0000,4.0000,4.4000,0.1000
4.2000,0.4000,1.0000,0.1,11.9040232,12.0000,3.0000,4.0000,4.4000,0.1000
4.2000,0.4000,1.0000,aEM,83.9937081,12.0000,3.0000,4.0000,4.4000,0.1000
4.4000,0.8000,100.0000,0.1,0.0036913442,12.0000,3.0000,4.0000,4.8000,0.2000
4.4000,0.8000,100.0000,aEM,0.0395490558,12.0000,3.0000,4.0000,4.8000,0.2000
4.4000,0.8000,10.0000,0.1,0.036913814,12.0000,3.0000,4.0000,4.8000,0.2000
4.4000,0.8000,10.0000,aEM,0.394810162,12.0000,3.0000,4.0000,4.8000,0.2000
4.4000,0.8000,1.0000,0.1,0.36924386,12.0000,3.0000,4.0000,4.8000,0.2000
4.4000,0.8000,1.0000,aEM,3.88026835,12.0000,3.0000,4.0000,4.8000,0.2000
65.1000,6.2000,100.0000,0.1,0.729938167099,130.2000,2.1000,62.0000,68.2000,0.1000
65.1000,6.2000,100.0000,aEM,0.0532675771633,130.2000,2.1000,62.0000,68.2000,0.1000
65.1000,6.2000,10.0000,0.1,0.72995517132,130.2000,2.1000,62.0000,68.2000,0.1000
65.1000,6.2000,10.0000,aEM,0.115928947458,130.2000,2.1000,62.0000,68.2000,0.1000
65.1000,6.2000,1.0000,0.1,1.35819945732,130.2000,2.1000,62.0000,68.2000,0.1000
65.1000,6.2000,1.0000,aEM,0.36382794609,130.2000,2.1000,62.0000,68.2000,0.1000
68.2000,12.4000,100.0000,0.1,8.739881e-07,130.2000,2.1000,62.0000,74.4000,0.2000
68.2000,12.4000,100.0000,aEM,8.7400692e-07,130.2000,2.1000,62.0000,74.4000,0.2000
68.2000,12.4000,10.0000,0.1,8.7403345e-06,130.2000,2.1000,62.0000,74.4000,0.2000
68.2000,12.4000,10.0000,aEM,8.7403355e-06,130.2000,2.1000,62.0000,74.4000,0.2000
68.2000,12.4000,1.0000,0.1,8.7402144e-05,130.2000,2.1000,62.0000,74.4000,0.2000
68.2000,12.4000,1.0000,aEM,8.7411666e-05,130.2000,2.1000,62.0000,74.4000,0.2000
66.1500,6.3000,100.0000,0.1,0.708097125926,132.3000,2.1000,63.0000,69.3000,0.1000
66.1500,6.3000,100.0000,aEM,0.0516719259689,132.3000,2.1000,63.0000,69.3000,0.1000
66.1500,6.3000,10.0000,0.1,0.708081059468,132.3000,2.1000,63.0000,69.3000,0.1000
66.1500,6.3000,10.0000,aEM,0.109457444536,132.3000,2.1000,63.0000,69.3000,0.1000
66.1500,6.3000,1.0000,0.1,1.28177743132,132.3000,2.1000,63.0000,69.3000,0.1000
66.1500,6.3000,1.0000,aEM,0.34495670301,132.3000,2.1000,63.0000,69.3000,0.1000
69.3000,12.6000,100.0000,0.1,8.1766905e-07,132.3000,2.1000,63.0000,75.6000,0.2000
69.3000,12.6000,100.0000,aEM,8.176215e-07,132.3000,2.1000,63.0000,75.6000,0.2000
69.3000,12.6000,10.0000,0.1,8.1760929e-06,132.3000,2.1000,63.0000,75.6000,0.2000
69.3000,12.6000,10.0000,aEM,8.176248e-06,132.3000,2.1000,63.0000,75.6000,0.2000
69.3000,12.6000,1.0000,0.1,8.176248e-05,132.3000,2.1000,63.0000,75.6000,0.2000
69.3000,12.6000,1.0000,aEM,8.177187e-05,132.3000,2.1000,63.0000,75.6000,0.2000
46.2000,4.4000,100.0000,0.1,0.00411480267,132.0000,3.0000,44.0000,48.4000,0.1000
46.2000,4.4000,100.0000,aEM,0.05481644277,132.0000,3.0000,44.0000,48.4000,0.1000
46.2000,4.4000,10.0000,0.1,0.0411928885,132.0000,3.0000,44.0000,48.4000,0.1000
46.2000,4.4000,10.0000,aEM,0.5427793289,132.0000,3.0000,44.0000,48.4000,0.1000
46.2000,4.4000,1.0000,0.1,0.411939247,132.0000,3.0000,44.0000,48.4000,0.1000
46.2000,4.4000,1.0000,aEM,4.94321032,132.0000,3.0000,44.0000,48.4000,0.1000
48.4000,8.8000,100.0000,0.1,0.0001244929578,132.0000,3.0000,44.0000,52.8000,0.2000
48.4000,8.8000,100.0000,aEM,0.0017103736099,132.0000,3.0000,44.0000,52.8000,0.2000
48.4000,8.8000,10.0000,0.1,0.001244919435,132.0000,3.0000,44.0000,52.8000,0.2000
48.4000,8.8000,10.0000,aEM,0.01709884432,132.0000,3.0000,44.0000,52.8000,0.2000
48.4000,8.8000,1.0000,0.1,0.01244921314,132.0000,3.0000,44.0000,52.8000,0.2000
48.4000,8.8000,1.0000,aEM,0.17034769911,132.0000,3.0000,44.0000,52.8000,0.2000
67.2000,6.4000,100.0000,0.1,0.693031096589,134.4000,2.1000,64.0000,70.4000,0.1000
67.2000,6.4000,100.0000,aEM,0.0505744466309,134.4000,2.1000,64.0000,70.4000,0.1000
67.2000,6.4000,10.0000,0.1,0.693041966197,134.4000,2.1000,64.0000,70.4000,0.1000
67.2000,6.4000,10.0000,aEM,0.104304300297,134.4000,2.1000,64.0000,70.4000,0.1000
67.2000,6.4000,1.0000,0.1,1.22179279005,134.4000,2.1000,64.0000,70.4000,0.1000
67.2000,6.4000,1.0000,aEM,0.32768858562,134.4000,2.1000,64.0000,70.4000,0.1000
70.4000,12.8000,100.0000,0.1,7.6953381e-07,134.4000,2.1000,64.0000,76.8000,0.2000
70.4000,12.8000,100.0000,aEM,7.6953381e-07,134.4000,2.1000,64.0000,76.8000,0.2000
70.4000,12.8000,10.0000,0.1,7.6928932e-06,134.4000,2.1000,64.0000,76.8000,0.2000
70.4000,12.8000,10.0000,aEM,7.6928931e-06,134.4000,2.1000,64.0000,76.8000,0.2000
70.4000,12.8000,1.0000,0.1,7.6927511e-05,134.4000,2.1000,64.0000,76.8000,0.2000
70.4000,12.8000,1.0000,aEM,7.693667e-05,134.4000,2.1000,64.0000,76.8000,0.2000
47.2500,4.5000,100.0000,0.1,0.0036100339,135.0000,3.0000,45.0000,49.5000,0.1000
47.2500,4.5000,100.0000,aEM,0.04915549094,135.0000,3.0000,45.0000,49.5000,0.1000
47.2500,4.5000,10.0000,0.1,0.0360693783,135.0000,3.0000,45.0000,49.5000,0.1000
47.2500,4.5000,10.0000,aEM,0.4870057242,135.0000,3.0000,45.0000,49.5000,0.1000
47.2500,4.5000,1.0000,0.1,0.361038464,135.0000,3.0000,45.0000,49.5000,0.1000
47.2500,4.5000,1.0000,aEM,4.460308684,135.0000,3.0000,45.0000,49.5000,0.1000
49.5000,9.0000,100.0000,0.1,0.0001108025125,135.0000,3.0000,45.0000,54.0000,0.2000
49.5000,9.0000,100.0000,aEM,0.0015369910591,135.0000,3.0000,45.0000,54.0000,0.2000
49.5000,9.0000,10.0000,0.1,0.00110804791,135.0000,3.0000,45.0000,54.0000,0.2000
49.5000,9.0000,10.0000,aEM,0.015363022774,135.0000,3.0000,45.0000,54.0000,0.2000
49.5000,9.0000,1.0000,0.1,0.01108018527,135.0000,3.0000,45.0000,54.0000,0.2000
49.5000,9.0000,1.0000,aEM,0.153171266,135.0000,3.0000,45.0000,54.0000,0.2000
68.2500,6.5000,100.0000,0.1,0.679195926896,136.5000,2.1000,65.0000,71.5000,0.1000
68.2500,6.5000,100.0000,aEM,0.0495644369273,136.5000,2.1000,65.0000,71.5000,0.1000
68.2500,6.5000,10.0000,0.1,0.679218169273,136.5000,2.1000,65.0000,71.5000,0.1000
68.2500,6.5000,10.0000,aEM,0.099690772816,136.5000,2.1000,65.0000,71.5000,0.1000
68.2500,6.5000,1.0000,0.1,1.16733681536,136.5000,2.1000,65.0000,71.5000,0.1000
68.2500,6.5000,1.0000,aEM,0.31288040876,136.5000,2.1000,65.0000,71.5000,0.1000
71.5000,13.0000,100.0000,0.1,7.2368184e-07,136.5000,2.1000,65.0000,78.0000,0.2000
71.5000,13.0000,100.0000,aEM,7.2366322e-07,136.5000,2.1000,65.0000,78.0000,0.2000
71.5000,13.0000,10.0000,0.1,7.2366332e-06,136.5000,2.1000,65.0000,78.0000,0.2000
71.5000,13.0000,10.0000,aEM,7.2366332e-06,136.5000,2.1000,65.0000,78.0000,0.2000
71.5000,13.0000,1.0000,0.1,7.2366432e-05,136.5000,2.1000,65.0000,78.0000,0.2000
71.5000,13.0000,1.0000,aEM,7.237315e-05,136.5000,2.1000,65.0000,78.0000,0.2000
69.3000,6.6000,100.0000,0.1,0.658937779703,138.6000,2.1000,66.0000,72.6000,0.1000
69.3000,6.6000,100.0000,aEM,0.0480866597446,138.6000,2.1000,66.0000,72.6000,0.1000
69.3000,6.6000,10.0000,0.1,0.658957797145,138.6000,2.1000,66.0000,72.6000,0.1000
69.3000,6.6000,10.0000,aEM,0.094610000143,138.6000,2.1000,66.0000,72.6000,0.1000
69.3000,6.6000,1.0000,0.1,1.10792379285,138.6000,2.1000,66.0000,72.6000,0.1000
69.3000,6.6000,1.0000,aEM,0.29996164717,138.6000,2.1000,66.0000,72.6000,0.1000
72.6000,13.2000,100.0000,0.1,6.815743e-07,138.6000,2.1000,66.0000,79.2000,0.2000
72.6000,13.2000,100.0000,aEM,6.8160713e-07,138.6000,2.1000,66.0000,79.2000,0.2000
72.6000,13.2000,10.0000,0.1,6.8161934e-06,138.6000,2.1000,66.0000,79.2000,0.2000
72.6000,13.2000,10.0000,aEM,6.8161934e-06,138.6000,2.1000,66.0000,79.2000,0.2000
72.6000,13.2000,1.0000,0.1,6.8162044e-05,138.6000,2.1000,66.0000,79.2000,0.2000
72.6000,13.2000,1.0000,aEM,6.8169429e-05,138.6000,2.1000,66.0000,79.2000,0.2000
48.3000,4.6000,100.0000,0.1,0.003218388807,138.0000,3.0000,46.0000,50.6000,0.1000
48.3000,4.6000,100.0000,aEM,0.044012183139,138.0000,3.0000,46.0000,50.6000,0.1000
48.3000,4.6000,10.0000,0.1,0.03219759585,138.0000,3.0000,46.0000,50.6000,0.1000
48.3000,4.6000,10.0000,aEM,0.43634636775,138.0000,3.0000,46.0000,50.6000,0.1000
48.3000,4.6000,1.0000,0.1,0.3211911773,138.0000,3.0000,46.0000,50.6000,0.1000
48.3000,4.6000,1.0000,aEM,4.029053435,138.0000,3.0000,46.0000,50.6000,0.1000
50.6000,9.2000,100.0000,0.1,9.938893056e-05,138.0000,3.0000,46.0000,55.2000,0.2000
50.6000,9.2000,100.0000,aEM,0.00137501352396,138.0000,3.0000,46.0000,55.2000,0.2000
50.6000,9.2000,10.0000,0.1,0.0009938891956,138.0000,3.0000,46.0000,55.2000,0.2000
50.6000,9.2000,10.0000,aEM,0.0137471229469,138.0000,3.0000,46.0000,55.2000,0.2000
50.6000,9.2000,1.0000,0.1,0.009938885658,138.0000,3.0000,46.0000,55.2000,0.2000
50.6000,9.2000,1.0000,aEM,0.137147816639,138.0000,3.0000,46.0000,55.2000,0.2000
7.3500,0.7000,100.0000,0.1,2.7918092761,14.7000,2.1000,7.0000,7.7000,0.1000
7.3500,0.7000,100.0000,aEM,0.3011585,14.7000,2.1000,7.0000,7.7000,0.1000
7.3500,0.7000,10.0000,0.1,3.518934826,14.7000,2.1000,7.0000,7.7000,0.1000
7.3500,0.7000,10.0000,aEM,0.977407793,14.7000,2.1000,7.0000,7.7000,0.1000
7.3500,0.7000,1.0000,0.1,11.39281278,14.7000,2.1000,7.0000,7.7000,0.1000
7.3500,0.7000,1.0000,aEM,3.42753705,14.7000,2.1000,7.0000,7.7000,0.1000
7.7000,1.4000,100.0000,0.1,0.00014885982,14.7000,2.1000,7.0000,8.4000,0.2000
7.7000,1.4000,100.0000,aEM,0.00014885751,14.7000,2.1000,7.0000,8.4000,0.2000
7.7000,1.4000,10.0000,0.1,0.0014885751,14.7000,2.1000,7.0000,8.4000,0.2000
7.7000,1.4000,10.0000,aEM,0.0014886908,14.7000,2.1000,7.0000,8.4000,0.2000
7.7000,1.4000,1.0000,0.1,0.014886534,14.7000,2.1000,7.0000,8.4000,0.2000
7.7000,1.4000,1.0000,aEM,0.014898554,14.7000,2.1000,7.0000,8.4000,0.2000
70.3500,6.7000,100.0000,0.1,0.643558163498,140.7000,2.1000,67.0000,73.7000,0.1000
70.3500,6.7000,100.0000,aEM,0.0469640635098,140.7000,2.1000,67.0000,73.7000,0.1000
70.3500,6.7000,10.0000,0.1,0.643565035097,140.7000,2.1000,67.0000,73.7000,0.1000
70.3500,6.7000,10.0000,aEM,0.090474747464,140.7000,2.1000,67.0000,73.7000,0.1000
70.3500,6.7000,1.0000,0.1,1.05884106816,140.7000,2.1000,67.0000,73.7000,0.1000
70.3500,6.7000,1.0000,aEM,0.284638304,140.7000,2.1000,67.0000,73.7000,0.1000
73.7000,13.4000,100.0000,0.1,6.45762284e-07,140.7000,2.1000,67.0000,80.4000,0.2000
73.7000,13.4000,100.0000,aEM,6.45777596e-07,140.7000,2.1000,67.0000,80.4000,0.2000
73.7000,13.4000,10.0000,0.1,6.45777606e-06,140.7000,2.1000,67.0000,80.4000,0.2000
73.7000,13.4000,10.0000,aEM,6.45788717e-06,140.7000,2.1000,67.0000,80.4000,0.2000
73.7000,13.4000,1.0000,0.1,6.45789718e-05,140.7000,2.1000,67.0000,80.4000,0.2000
73.7000,13.4000,1.0000,aEM,6.45852447e-05,140.7000,2.1000,67.0000,80.4000,0.2000
49.3500,4.7000,100.0000,0.1,0.002904967041,141.0000,3.0000,47.0000,51.7000,0.1000
49.3500,4.7000,100.0000,aEM,0.040114712661,141.0000,3.0000,47.0000,51.7000,0.1000
49.3500,4.7000,10.0000,0.1,0.02907340658,141.0000,3.0000,47.0000,51.7000,0.1000
49.3500,4.7000,10.0000,aEM,0.39825728229,141.0000,3.0000,47.0000,51.7000,0.1000
49.3500,4.7000,1.0000,0.1,0.2911896299,141.0000,3.0000,47.0000,51.7000,0.1000
49.3500,4.7000,1.0000,aEM,3.6926447141,141.0000,3.0000,47.0000,51.7000,0.1000
51.7000,9.4000,100.0000,0.1,9.03759877e-05,141.0000,3.0000,47.0000,56.4000,0.2000
51.7000,9.4000,100.0000,aEM,0.0012539744934,141.0000,3.0000,47.0000,56.4000,0.2000
51.7000,9.4000,10.0000,0.1,0.000903747766,141.0000,3.0000,47.0000,56.4000,0.2000
51.7000,9.4000,10.0000,aEM,0.012539148357,141.0000,3.0000,47.0000,56.4000,0.2000
51.7000,9.4000,1.0000,0.1,0.00903750289,141.0000,3.0000,47.0000,56.4000,0.2000
51.7000,9.4000,1.0000,aEM,0.12501460771,141.0000,3.0000,47.0000,56.4000,0.2000
71.4000,6.8000,100.0000,0.1,0.627473569492,142.8000,2.1000,68.0000,74.8000,0.1000
71.4000,6.8000,100.0000,aEM,0.045789549512,142.8000,2.1000,68.0000,74.8000,0.1000
71.4000,6.8000,10.0000,0.1,0.627480594989,142.8000,2.1000,68.0000,74.8000,0.1000
71.4000,6.8000,10.0000,aEM,0.086493627136,142.8000,2.1000,68.0000,74.8000,0.1000
71.4000,6.8000,1.0000,0.1,1.01292916522,142.8000,2.1000,68.0000,74.8000,0.1000
71.4000,6.8000,1.0000,aEM,0.27241730988,142.8000,2.1000,68.0000,74.8000,0.1000
74.8000,13.6000,100.0000,0.1,6.1384077e-07,142.8000,2.1000,68.0000,81.6000,0.2000
74.8000,13.6000,100.0000,aEM,6.13833145e-07,142.8000,2.1000,68.0000,81.6000,0.2000
74.8000,13.6000,10.0000,0.1,6.13814711e-06,142.8000,2.1000,68.0000,81.6000,0.2000
74.8000,13.6000,10.0000,aEM,6.13834147e-06,142.8000,2.1000,68.0000,81.6000,0.2000
74.8000,13.6000,1.0000,0.1,6.13832035e-05,142.8000,2.1000,68.0000,81.6000,0.2000
74.8000,13.6000,1.0000,aEM,6.13892563e-05,142.8000,2.1000,68.0000,81.6000,0.2000
72.4500,6.9000,100.0000,0.1,0.613692173585,144.9000,2.1000,69.0000,75.9000,0.1000
72.4500,6.9000,100.0000,aEM,0.0447849936037,144.9000,2.1000,69.0000,75.9000,0.1000
72.4500,6.9000,10.0000,0.1,0.613718536016,144.9000,2.1000,69.0000,75.9000,0.1000
72.4500,6.9000,10.0000,aEM,0.082996497816,144.9000,2.1000,69.0000,75.9000,0.1000
72.4500,6.9000,1.0000,0.1,0.97165407234,144.9000,2.1000,69.0000,75.9000,0.1000
72.4500,6.9000,1.0000,aEM,0.26106606392,144.9000,2.1000,69.0000,75.9000,0.1000
75.9000,13.8000,100.0000,0.1,5.80824753e-07,144.9000,2.1000,69.0000,82.8000,0.2000
75.9000,13.8000,100.0000,aEM,5.80823441e-07,144.9000,2.1000,69.0000,82.8000,0.2000
75.9000,13.8000,10.0000,0.1,5.80823441e-06,144.9000,2.1000,69.0000,82.8000,0.2000
75.9000,13.8000,10.0000,aEM,5.80837854e-06,144.9000,2.1000,69.0000,82.8000,0.2000
75.9000,13.8000,1.0000,0.1,5.80837854e-05,144.9000,2.1000,69.0000,82.8000,0.2000
75.9000,13.8000,1.0000,aEM,5.80886959e-05,144.9000,2.1000,69.0000,82.8000,0.2000
50.4000,4.8000,100.0000,0.1,0.0026429286291,144.0000,3.0000,48.0000,52.8000,0.1000
50.4000,4.8000,100.0000,aEM,0.0366360658046,144.0000,3.0000,48.0000,52.8000,0.1000
50.4000,4.8000,10.0000,0.1,0.02641828682,144.0000,3.0000,48.0000,52.8000,0.1000
50.4000,4.8000,10.0000,aEM,0.363857241913,144.0000,3.0000,48.0000,52.8000,0.1000
50.4000,4.8000,1.0000,0.1,0.26413367541,144.0000,3.0000,48.0000,52.8000,0.1000
50.4000,4.8000,1.0000,aEM,3.38041540846,144.0000,3.0000,48.0000,52.8000,0.1000
52.8000,9.6000,100.0000,0.1,8.21565752e-05,144.0000,3.0000,48.0000,57.6000,0.2000
52.8000,9.6000,100.0000,aEM,0.001143658503,144.0000,3.0000,48.0000,57.6000,0.2000
52.8000,9.6000,10.0000,0.1,0.000821591784,144.0000,3.0000,48.0000,57.6000,0.2000
52.8000,9.6000,10.0000,aEM,0.011435939433,144.0000,3.0000,48.0000,57.6000,0.2000
52.8000,9.6000,1.0000,0.1,0.00821593164,144.0000,3.0000,48.0000,57.6000,0.2000
52.8000,9.6000,1.0000,aEM,0.11419938137,144.0000,3.0000,48.0000,57.6000,0.2000
73.5000,7.0000,100.0000,0.1,0.601206401565,147.0000,2.1000,70.0000,77.0000,0.1000
73.5000,7.0000,100.0000,aEM,0.0438724815713,147.0000,2.1000,70.0000,77.0000,0.1000
73.5000,7.0000,10.0000,0.1,0.601212915682,147.0000,2.1000,70.0000,77.0000,0.1000
73.5000,7.0000,10.0000,aEM,0.079870437246,147.0000,2.1000,70.0000,77.0000,0.1000
73.5000,7.0000,1.0000,0.1,0.93531986825,147.0000,2.1000,70.0000,77.0000,0.1000
73.5000,7.0000,1.0000,aEM,0.25096971994,147.0000,2.1000,70.0000,77.0000,0.1000
77.0000,14.0000,100.0000,0.1,5.53252955e-07,147.0000,2.1000,70.0000,84.0000,0.2000
77.0000,14.0000,100.0000,aEM,5.53247744e-07,147.0000,2.1000,70.0000,84.0000,0.2000
77.0000,14.0000,10.0000,0.1,5.53263166e-06,147.0000,2.1000,70.0000,84.0000,0.2000
77.0000,14.0000,10.0000,aEM,5.53249845e-06,147.0000,2.1000,70.0000,84.0000,0.2000
77.0000,14.0000,1.0000,0.1,5.53248845e-05,147.0000,2.1000,70.0000,84.0000,0.2000
77.0000,14.0000,1.0000,aEM,5.53307538e-05,147.0000,2.1000,70.0000,84.0000,0.2000
51.4500,4.9000,100.0000,0.1,0.00241644662126,147.0000,3.0000,49.0000,53.9000,0.1000
51.4500,4.9000,100.0000,aEM,0.0336484016655,147.0000,3.0000,49.0000,53.9000,0.1000
51.4500,4.9000,10.0000,0.1,0.0241625813479,147.0000,3.0000,49.0000,53.9000,0.1000
51.4500,4.9000,10.0000,aEM,0.333853612313,147.0000,3.0000,49.0000,53.9000,0.1000
51.4500,4.9000,1.0000,0.1,0.241859923812,147.0000,3.0000,49.0000,53.9000,0.1000
51.4500,4.9000,1.0000,aEM,3.11958412183,147.0000,3.0000,49.0000,53.9000,0.1000
53.9000,9.8000,100.0000,0.1,7.50852002e-05,147.0000,3.0000,49.0000,58.8000,0.2000
53.9000,9.8000,100.0000,aEM,0.0010512454059,147.0000,3.0000,49.0000,58.8000,0.2000
53.9000,9.8000,10.0000,0.1,0.00075083779,147.0000,3.0000,49.0000,58.8000,0.2000
53.9000,9.8000,10.0000,aEM,0.010509241225,147.0000,3.0000,49.0000,58.8000,0.2000
53.9000,9.8000,1.0000,0.1,0.00750839146,147.0000,3.0000,49.0000,58.8000,0.2000
53.9000,9.8000,1.0000,aEM,0.10487908954,147.0000,3.0000,49.0000,58.8000,0.2000
74.5500,7.1000,100.0000,0.1,0.586807035754,149.1000,2.1000,71.0000,78.1000,0.1000
74.5500,7.1000,100.0000,aEM,0.0428214257706,149.1000,2.1000,71.0000,78.1000,0.1000
74.5500,7.1000,10.0000,0.1,0.586811957685,149.1000,2.1000,71.0000,78.1000,0.1000
74.5500,7.1000,10.0000,aEM,0.076609138944,149.1000,2.1000,71.0000,78.1000,0.1000
74.5500,7.1000,1.0000,0.1,0.89664238555,149.1000,2.1000,71.0000,78.1000,0.1000
74.5500,7.1000,1.0000,aEM,0.24175649288,149.1000,2.1000,71.0000,78.1000,0.1000
78.1000,14.2000,100.0000,0.1,5.26202376e-07,149.1000,2.1000,71.0000,85.2000,0.2000
78.1000,14.2000,100.0000,aEM,5.26227622e-07,149.1000,2.1000,71.0000,85.2000,0.2000
78.1000,14.2000,10.0000,0.1,5.26226622e-06,149.1000,2.1000,71.0000,85.2000,0.2000
78.1000,14.2000,10.0000,aEM,5.26225622e-06,149.1000,2.1000,71.0000,85.2000,0.2000
78.1000,14.2000,1.0000,0.1,5.26228923e-05,149.1000,2.1000,71.0000,85.2000,0.2000
78.1000,14.2000,1.0000,aEM,5.26282194e-05,149.1000,2.1000,71.0000,85.2000,0.2000
52.5000,5.0000,100.0000,0.1,0.002232450798,150.0000,3.0000,50.0000,55.0000,0.1000
52.5000,5.0000,100.0000,aEM,0.031152733342,150.0000,3.0000,50.0000,55.0000,0.1000
52.5000,5.0000,10.0000,0.1,0.02232128821,150.0000,3.0000,50.0000,55.0000,0.1000
52.5000,5.0000,10.0000,aEM,0.30967832616,150.0000,3.0000,50.0000,55.0000,0.1000
52.5000,5.0000,1.0000,0.1,0.2232592306,150.0000,3.0000,50.0000,55.0000,0.1000
52.5000,5.0000,1.0000,aEM,2.8942410561,150.0000,3.0000,50.0000,55.0000,0.1000
55.0000,10.0000,100.0000,0.1,6.93450991e-05,150.0000,3.0000,50.0000,60.0000,0.2000
55.0000,10.0000,100.0000,aEM,0.000973702779,150.0000,3.0000,50.0000,60.0000,0.2000
55.0000,10.0000,10.0000,0.1,0.000693452001,150.0000,3.0000,50.0000,60.0000,0.2000
55.0000,10.0000,10.0000,aEM,0.009735678006,150.0000,3.0000,50.0000,60.0000,0.2000
55.0000,10.0000,1.0000,0.1,0.00693453185,150.0000,3.0000,50.0000,60.0000,0.2000
55.0000,10.0000,1.0000,aEM,0.09718122089,150.0000,3.0000,50.0000,60.0000,0.2000
75.6000,7.2000,100.0000,0.1,0.574324185815,151.2000,2.1000,72.0000,79.2000,0.1000
75.6000,7.2000,100.0000,aEM,0.0419101158195,151.2000,2.1000,72.0000,79.2000,0.1000
75.6000,7.2000,10.0000,0.1,0.574321658163,151.2000,2.1000,72.0000,79.2000,0.1000
75.6000,7.2000,10.0000,aEM,0.073817059338,151.2000,2.1000,72.0000,79.2000,0.1000
75.6000,7.2000,1.0000,0.1,0.86561208981,151.2000,2.1000,72.0000,79.2000,0.1000
75.6000,7.2000,1.0000,aEM,0.23213691074,151.2000,2.1000,72.0000,79.2000,0.1000
79.2000,14.4000,100.0000,0.1,5.01269204e-07,151.2000,2.1000,72.0000,86.4000,0.2000
79.2000,14.4000,100.0000,aEM,5.01293329e-07,151.2000,2.1000,72.0000,86.4000,0.2000
79.2000,14.4000,10.0000,0.1,5.01289228e-06,151.2000,2.1000,72.0000,86.4000,0.2000
79.2000,14.4000,10.0000,aEM,5.01293329e-06,151.2000,2.1000,72.0000,86.4000,0.2000
79.2000,14.4000,1.0000,0.1,5.0129333e-05,151.2000,2.1000,72.0000,86.4000,0.2000
79.2000,14.4000,1.0000,aEM,5.01336388e-05,151.2000,2.1000,72.0000,86.4000,0.2000
76.6500,7.3000,100.0000,0.1,0.560853340341,153.3000,2.1000,73.0000,80.3000,0.1000
76.6500,7.3000,100.0000,aEM,0.0409286903449,153.3000,2.1000,73.0000,80.3000,0.1000
76.6500,7.3000,10.0000,0.1,0.560867403437,153.3000,2.1000,73.0000,80.3000,0.1000
76.6500,7.3000,10.0000,aEM,0.070930054538,153.3000,2.1000,73.0000,80.3000,0.1000
76.6500,7.3000,1.0000,0.1,0.83066914183,153.3000,2.1000,73.0000,80.3000,0.1000
76.6500,7.3000,1.0000,aEM,0.2234546303,153.3000,2.1000,73.0000,80.3000,0.1000
80.3000,14.6000,100.0000,0.1,4.75327433e-07,153.3000,2.1000,73.0000,87.6000,0.2000
80.3000,14.6000,100.0000,aEM,4.75309616e-07,153.3000,2.1000,73.0000,87.6000,0.2000
80.3000,14.6000,10.0000,0.1,4.75309716e-06,153.3000,2.1000,73.0000,87.6000,0.2000
80.3000,14.6000,10.0000,aEM,4.75308615e-06,153.3000,2.1000,73.0000,87.6000,0.2000
80.3000,14.6000,1.0000,0.1,4.75307515e-05,153.3000,2.1000,73.0000,87.6000,0.2000
80.3000,14.6000,1.0000,aEM,4.75350461e-05,153.3000,2.1000,73.0000,87.6000,0.2000
53.5500,5.1000,100.0000,0.1,0.002069303116,153.0000,3.0000,51.0000,56.1000,0.1000
53.5500,5.1000,100.0000,aEM,0.028832726161,153.0000,3.0000,51.0000,56.1000,0.1000
53.5500,5.1000,10.0000,0.1,0.02070351606,153.0000,3.0000,51.0000,56.1000,0.1000
53.5500,5.1000,10.0000,aEM,0.28625647642,153.0000,3.0000,51.0000,56.1000,0.1000
53.5500,5.1000,1.0000,0.1,0.2067627138,153.0000,3.0000,51.0000,56.1000,0.1000
53.5500,5.1000,1.0000,aEM,2.6900835167,153.0000,3.0000,51.0000,56.1000,0.1000
56.1000,10.2000,100.0000,0.1,6.449236472e-05,153.0000,3.0000,51.0000,61.2000,0.2000
56.1000,10.2000,100.0000,aEM,0.00090004239279,153.0000,3.0000,51.0000,61.2000,0.2000
56.1000,10.2000,10.0000,0.1,0.0006449276787,153.0000,3.0000,51.0000,61.2000,0.2000
56.1000,10.2000,10.0000,aEM,0.0089987950809,153.0000,3.0000,51.0000,61.2000,0.2000
56.1000,10.2000,1.0000,0.1,0.006448860405,153.0000,3.0000,51.0000,61.2000,0.2000
56.1000,10.2000,1.0000,aEM,0.089737526235,153.0000,3.0000,51.0000,61.2000,0.2000
77.7000,7.4000,100.0000,0.1,0.546701200118,155.4000,2.1000,74.0000,81.4000,0.1000
77.7000,7.4000,100.0000,aEM,0.0398967801213,155.4000,2.1000,74.0000,81.4000,0.1000
77.7000,7.4000,10.0000,0.1,0.546719001192,155.4000,2.1000,74.0000,81.4000,0.1000
77.7000,7.4000,10.0000,aEM,0.06840414202,155.4000,2.1000,74.0000,81.4000,0.1000
77.7000,7.4000,1.0000,0.1,0.80014221805,155.4000,2.1000,74.0000,81.4000,0.1000
77.7000,7.4000,1.0000,aEM,0.21510231493,155.4000,2.1000,74.0000,81.4000,0.1000
81.4000,14.8000,100.0000,0.1,4.56788274e-07,155.4000,2.1000,74.0000,88.8000,0.2000
81.4000,14.8000,100.0000,aEM,4.56794688e-07,155.4000,2.1000,74.0000,88.8000,0.2000
81.4000,14.8000,10.0000,0.1,4.56791375e-06,155.4000,2.1000,74.0000,88.8000,0.2000
81.4000,14.8000,10.0000,aEM,4.56794688e-06,155.4000,2.1000,74.0000,88.8000,0.2000
81.4000,14.8000,1.0000,0.1,4.56794789e-05,155.4000,2.1000,74.0000,88.8000,0.2000
81.4000,14.8000,1.0000,aEM,4.56836734e-05,155.4000,2.1000,74.0000,88.8000,0.2000
54.6000,5.2000,100.0000,0.1,0.001916600471,156.0000,3.0000,52.0000,57.2000,0.1000
54.6000,5.2000,100.0000,aEM,0.026684317189,156.0000,3.0000,52.0000,57.2000,0.1000
54.6000,5.2000,10.0000,0.1,0.01915356929,156.0000,3.0000,52.0000,57.2000,0.1000
54.6000,5.2000,10.0000,aEM,0.26494843447,156.0000,3.0000,52.0000,57.2000,0.1000
54.6000,5.2000,1.0000,0.1,0.1915326936,156.0000,3.0000,52.0000,57.2000,0.1000
54.6000,5.2000,1.0000,aEM,2.502185834,156.0000,3.0000,52.0000,57.2000,0.1000
57.2000,10.4000,100.0000,0.1,5.970936568e-05,156.0000,3.0000,52.0000,62.4000,0.2000
57.2000,10.4000,100.0000,aEM,0.00083477804668,156.0000,3.0000,52.0000,62.4000,0.2000
57.2000,10.4000,10.0000,0.1,0.000597103679,156.0000,3.0000,52.0000,62.4000,0.2000
57.2000,10.4000,10.0000,aEM,0.0083458846446,156.0000,3.0000,52.0000,62.4000,0.2000
57.2000,10.4000,1.0000,0.1,0.005971200246,156.0000,3.0000,52.0000,62.4000,0.2000
57.2000,10.4000,1.0000,aEM,0.08323738795,156.0000,3.0000,52.0000,62.4000,0.2000
78.7500,7.5000,100.0000,0.1,0.535004862168,157.5000,2.1000,75.0000,82.5000,0.1000
78.7500,7.5000,100.0000,aEM,0.039042322181,157.5000,2.1000,75.0000,82.5000,0.1000
78.7500,7.5000,10.0000,0.1,0.535010221689,157.5000,2.1000,75.0000,82.5000,0.1000
78.7500,7.5000,10.0000,aEM,0.065816692454,157.5000,2.1000,75.0000,82.5000,0.1000
78.7500,7.5000,1.0000,0.1,0.7704873225,157.5000,2.1000,75.0000,82.5000,0.1000
78.7500,7.5000,1.0000,aEM,0.20791158795,157.5000,2.1000,75.0000,82.5000,0.1000
82.5000,15.0000,100.0000,0.1,4.3219306e-07,157.5000,2.1000,75.0000,90.0000,0.2000
82.5000,15.0000,100.0000,aEM,4.32188849e-07,157.5000,2.1000,75.0000,90.0000,0.2000
82.5000,15.0000,10.0000,0.1,4.32188849e-06,157.5000,2.1000,75.0000,90.0000,0.2000
82.5000,15.0000,10.0000,aEM,4.32195181e-06,157.5000,2.1000,75.0000,90.0000,0.2000
82.5000,15.0000,1.0000,0.1,4.32194171e-05,157.5000,2.1000,75.0000,90.0000,0.2000
82.5000,15.0000,1.0000,aEM,4.32232784e-05,157.5000,2.1000,75.0000,90.0000,0.2000
79.8000,7.6000,100.0000,0.1,0.522843232466,159.6000,2.1000,76.0000,83.6000,0.1000
79.8000,7.6000,100.0000,aEM,0.0381546224688,159.6000,2.1000,76.0000,83.6000,0.1000
79.8000,7.6000,10.0000,0.1,0.522848424687,159.6000,2.1000,76.0000,83.6000,0.1000
79.8000,7.6000,10.0000,aEM,0.063527685408,159.6000,2.1000,76.0000,83.6000,0.1000
79.8000,7.6000,1.0000,0.1,0.74349435216,159.6000,2.1000,76.0000,83.6000,0.1000
79.8000,7.6000,1.0000,aEM,0.20023837501,159.6000,2.1000,76.0000,83.6000,0.1000
83.6000,15.2000,100.0000,0.1,4.17053284e-07,159.6000,2.1000,76.0000,91.2000,0.2000
83.6000,15.2000,100.0000,aEM,4.17053284e-07,159.6000,2.1000,76.0000,91.2000,0.2000
83.6000,15.2000,10.0000,0.1,4.17052272e-06,159.6000,2.1000,76.0000,91.2000,0.2000
83.6000,15.2000,10.0000,aEM,4.17052272e-06,159.6000,2.1000,76.0000,91.2000,0.2000
83.6000,15.2000,1.0000,0.1,4.17051172e-05,159.6000,2.1000,76.0000,91.2000,0.2000
83.6000,15.2000,1.0000,aEM,4.17091754e-05,159.6000,2.1000,76.0000,91.2000,0.2000
55.6500,5.3000,100.0000,0.1,0.001777180814,159.0000,3.0000,53.0000,58.3000,0.1000
55.6500,5.3000,100.0000,aEM,0.02484312978,159.0000,3.0000,53.0000,58.3000,0.1000
55.6500,5.3000,10.0000,0.1,0.0177576736,159.0000,3.0000,53.0000,58.3000,0.1000
55.6500,5.3000,10.0000,aEM,0.24705942133,159.0000,3.0000,53.0000,58.3000,0.1000
55.6500,5.3000,1.0000,0.1,0.17767985,159.0000,3.0000,53.0000,58.3000,0.1000
55.6500,5.3000,1.0000,aEM,2.3284048248,159.0000,3.0000,53.0000,58.3000,0.1000
58.3000,10.6000,100.0000,0.1,5.53653942e-05,159.0000,3.0000,53.0000,63.6000,0.2000
58.3000,10.6000,100.0000,aEM,0.00077688868821,159.0000,3.0000,53.0000,63.6000,0.2000
58.3000,10.6000,10.0000,0.1,0.0005536519721,159.0000,3.0000,53.0000,63.6000,0.2000
58.3000,10.6000,10.0000,aEM,0.0077673019567,159.0000,3.0000,53.0000,63.6000,0.2000
58.3000,10.6000,1.0000,0.1,0.005536650165,159.0000,3.0000,53.0000,63.6000,0.2000
58.3000,10.6000,1.0000,aEM,0.077545048612,159.0000,3.0000,53.0000,63.6000,0.2000
5.2500,0.5000,100.0000,0.1,0.094345825,15.0000,3.0000,5.0000,5.5000,0.1000
5.2500,0.5000,100.0000,aEM,1.005701278,15.0000,3.0000,5.0000,5.5000,0.1000
5.2500,0.5000,10.0000,0.1,0.94484415,15.0000,3.0000,5.0000,5.5000,0.1000
5.2500,0.5000,10.0000,aEM,9.65460294,15.0000,3.0000,5.0000,5.5000,0.1000
5.2500,0.5000,1.0000,0.1,9.5010976,15.0000,3.0000,5.0000,5.5000,0.1000
5.2500,0.5000,1.0000,aEM,71.1215634,15.0000,3.0000,5.0000,5.5000,0.1000
5.5000,1.0000,100.0000,0.1,0.0029537543,15.0000,3.0000,5.0000,6.0000,0.2000
5.5000,1.0000,100.0000,aEM,0.0316390667,15.0000,3.0000,5.0000,6.0000,0.2000
5.5000,1.0000,10.0000,0.1,0.029538398,15.0000,3.0000,5.0000,6.0000,0.2000
5.5000,1.0000,10.0000,aEM,0.315945803,15.0000,3.0000,5.0000,6.0000,0.2000
5.5000,1.0000,1.0000,0.1,0.2954358,15.0000,3.0000,5.0000,6.0000,0.2000
5.5000,1.0000,1.0000,aEM,3.11414413,15.0000,3.0000,5.0000,6.0000,0.2000
8.4000,0.8000,100.0000,0.1,2.7752223099,16.8000,2.1000,8.0000,8.8000,0.1000
8.4000,0.8000,100.0000,aEM,0.2797141688,16.8000,2.1000,8.0000,8.8000,0.1000
8.4000,0.8000,10.0000,0.1,3.269203526,16.8000,2.1000,8.0000,8.8000,0.1000
8.4000,0.8000,10.0000,aEM,0.908314363,16.8000,2.1000,8.0000,8.8000,0.1000
8.4000,0.8000,1.0000,0.1,10.58402801,16.8000,2.1000,8.0000,8.8000,0.1000
8.4000,0.8000,1.0000,aEM,3.16575273,16.8000,2.1000,8.0000,8.8000,0.1000
8.8000,1.6000,100.0000,0.1,0.00013057372,16.8000,2.1000,8.0000,9.6000,0.2000
8.8000,1.6000,100.0000,aEM,0.00013057361,16.8000,2.1000,8.0000,9.6000,0.2000
8.8000,1.6000,10.0000,0.1,0.0013057372,16.8000,2.1000,8.0000,9.6000,0.2000
8.8000,1.6000,10.0000,aEM,0.0013058266,16.8000,2.1000,8.0000,9.6000,0.2000
8.8000,1.6000,1.0000,0.1,0.013058115,16.8000,2.1000,8.0000,9.6000,0.2000
8.8000,1.6000,1.0000,aEM,0.013067198,16.8000,2.1000,8.0000,9.6000,0.2000
80.8500,7.7000,100.0000,0.1,0.511833805351,161.7000,2.1000,77.0000,84.7000,0.1000
80.8500,7.7000,100.0000,aEM,0.0373503553641,161.7000,2.1000,77.0000,84.7000,0.1000
80.8500,7.7000,10.0000,0.1,0.511835753541,161.7000,2.1000,77.0000,84.7000,0.1000
80.8500,7.7000,10.0000,aEM,0.061454914117,161.7000,2.1000,77.0000,84.7000,0.1000
80.8500,7.7000,1.0000,0.1,0.71873513936,161.7000,2.1000,77.0000,84.7000,0.1000
80.8500,7.7000,1.0000,aEM,0.1935150497,161.7000,2.1000,77.0000,84.7000,0.1000
84.7000,15.4000,100.0000,0.1,3.96848446e-07,161.7000,2.1000,77.0000,92.4000,0.2000
84.7000,15.4000,100.0000,aEM,3.96848446e-07,161.7000,2.1000,77.0000,92.4000,0.2000
84.7000,15.4000,10.0000,0.1,3.96836304e-06,161.7000,2.1000,77.0000,92.4000,0.2000
84.7000,15.4000,10.0000,aEM,3.96848446e-06,161.7000,2.1000,77.0000,92.4000,0.2000
84.7000,15.4000,1.0000,0.1,3.96837314e-05,161.7000,2.1000,77.0000,92.4000,0.2000
84.7000,15.4000,1.0000,aEM,3.96874965e-05,161.7000,2.1000,77.0000,92.4000,0.2000
56.7000,5.4000,100.0000,0.1,0.001661409447,162.0000,3.0000,54.0000,59.4000,0.1000
56.7000,5.4000,100.0000,aEM,0.023181121091,162.0000,3.0000,54.0000,59.4000,0.1000
56.7000,5.4000,10.0000,0.1,0.01661857852,162.0000,3.0000,54.0000,59.4000,0.1000
56.7000,5.4000,10.0000,aEM,0.23100020735,162.0000,3.0000,54.0000,59.4000,0.1000
56.7000,5.4000,1.0000,0.1,0.166302213,162.0000,3.0000,54.0000,59.4000,0.1000
56.7000,5.4000,1.0000,aEM,2.1824777776,162.0000,3.0000,54.0000,59.4000,0.1000
59.4000,10.8000,100.0000,0.1,5.179976199e-05,162.0000,3.0000,54.0000,64.8000,0.2000
59.4000,10.8000,100.0000,aEM,0.00072355402621,162.0000,3.0000,54.0000,64.8000,0.2000
59.4000,10.8000,10.0000,0.1,0.0005179069209,162.0000,3.0000,54.0000,64.8000,0.2000
59.4000,10.8000,10.0000,aEM,0.0072324063367,162.0000,3.0000,54.0000,64.8000,0.2000
59.4000,10.8000,1.0000,0.1,0.005179211843,162.0000,3.0000,54.0000,64.8000,0.2000
59.4000,10.8000,1.0000,aEM,0.072231330599,162.0000,3.0000,54.0000,64.8000,0.2000
81.9000,7.8000,100.0000,0.1,0.498663584136,163.8000,2.1000,78.0000,85.8000,0.1000
81.9000,7.8000,100.0000,aEM,0.0363903841398,163.8000,2.1000,78.0000,85.8000,0.1000
81.9000,7.8000,10.0000,0.1,0.498669441356,163.8000,2.1000,78.0000,85.8000,0.1000
81.9000,7.8000,10.0000,aEM,0.0592714518776,163.8000,2.1000,78.0000,85.8000,0.1000
81.9000,7.8000,1.0000,0.1,0.693633517281,163.8000,2.1000,78.0000,85.8000,0.1000
81.9000,7.8000,1.0000,aEM,0.186074788542,163.8000,2.1000,78.0000,85.8000,0.1000
85.8000,15.6000,100.0000,0.1,3.81031576e-07,163.8000,2.1000,78.0000,93.6000,0.2000
85.8000,15.6000,100.0000,aEM,3.81030345e-07,163.8000,2.1000,78.0000,93.6000,0.2000
85.8000,15.6000,10.0000,0.1,3.81043807e-06,163.8000,2.1000,78.0000,93.6000,0.2000
85.8000,15.6000,10.0000,aEM,3.81031576e-06,163.8000,2.1000,78.0000,93.6000,0.2000
85.8000,15.6000,1.0000,0.1,3.81032697e-05,163.8000,2.1000,78.0000,93.6000,0.2000
85.8000,15.6000,1.0000,aEM,3.81068994e-05,163.8000,2.1000,78.0000,93.6000,0.2000
82.9500,7.9000,100.0000,0.1,0.488437764818,165.9000,2.1000,79.0000,86.9000,0.1000
82.9500,7.9000,100.0000,aEM,0.0356443548219,165.9000,2.1000,79.0000,86.9000,0.1000
82.9500,7.9000,10.0000,0.1,0.488450348209,165.9000,2.1000,79.0000,86.9000,0.1000
82.9500,7.9000,10.0000,aEM,0.0573013286451,165.9000,2.1000,79.0000,86.9000,0.1000
82.9500,7.9000,1.0000,0.1,0.671107685178,165.9000,2.1000,79.0000,86.9000,0.1000
82.9500,7.9000,1.0000,aEM,0.180762059369,165.9000,2.1000,79.0000,86.9000,0.1000
86.9000,15.8000,100.0000,0.1,3.62660914e-07,165.9000,2.1000,79.0000,94.8000,0.2000
86.9000,15.8000,100.0000,aEM,3.62658793e-07,165.9000,2.1000,79.0000,94.8000,0.2000
86.9000,15.8000,10.0000,0.1,3.62657783e-06,165.9000,2.1000,79.0000,94.8000,0.2000
86.9000,15.8000,10.0000,aEM,3.62659914e-06,165.9000,2.1000,79.0000,94.8000,0.2000
86.9000,15.8000,1.0000,0.1,3.62658894e-05,165.9000,2.1000,79.0000,94.8000,0.2000
86.9000,15.8000,1.0000,aEM,3.62696101e-05,165.9000,2.1000,79.0000,94.8000,0.2000
57.7500,5.5000,100.0000,0.1,0.001553289975,165.0000,3.0000,55.0000,60.5000,0.1000
57.7500,5.5000,100.0000,aEM,0.021791846976,165.0000,3.0000,55.0000,60.5000,0.1000
57.7500,5.5000,10.0000,0.1,0.01554174637,165.0000,3.0000,55.0000,60.5000,0.1000
57.7500,5.5000,10.0000,aEM,0.21674964559,165.0000,3.0000,55.0000,60.5000,0.1000
57.7500,5.5000,1.0000,0.1,0.1554972339,165.0000,3.0000,55.0000,60.5000,0.1000
57.7500,5.5000,1.0000,aEM,2.0530362133,165.0000,3.0000,55.0000,60.5000,0.1000
60.5000,11.0000,100.0000,0.1,4.834777578e-05,165.0000,3.0000,55.0000,66.0000,0.2000
60.5000,11.0000,100.0000,aEM,0.0006818888071,165.0000,3.0000,55.0000,66.0000,0.2000
60.5000,11.0000,10.0000,0.1,0.0004834798578,165.0000,3.0000,55.0000,66.0000,0.2000
60.5000,11.0000,10.0000,aEM,0.0068176721245,165.0000,3.0000,55.0000,66.0000,0.2000
60.5000,11.0000,1.0000,0.1,0.004835433012,165.0000,3.0000,55.0000,66.0000,0.2000
60.5000,11.0000,1.0000,aEM,0.068022066877,165.0000,3.0000,55.0000,66.0000,0.2000
84.0000,8.0000,100.0000,0.1,0.477686746017,168.0000,2.1000,80.0000,88.0000,0.1000
84.0000,8.0000,100.0000,aEM,0.0348630760219,168.0000,2.1000,80.0000,88.0000,0.1000
84.0000,8.0000,10.0000,0.1,0.477741260209,168.0000,2.1000,80.0000,88.0000,0.1000
84.0000,8.0000,10.0000,aEM,0.055425650591,168.0000,2.1000,80.0000,88.0000,0.1000
84.0000,8.0000,1.0000,0.1,0.649637104748,168.0000,2.1000,80.0000,88.0000,0.1000
84.0000,8.0000,1.0000,aEM,0.174866914274,168.0000,2.1000,80.0000,88.0000,0.1000
88.0000,16.0000,100.0000,0.1,3.46448076e-07,168.0000,2.1000,80.0000,96.0000,0.2000
88.0000,16.0000,100.0000,aEM,3.46432935e-07,168.0000,2.1000,80.0000,96.0000,0.2000
88.0000,16.0000,10.0000,0.1,3.46432925e-06,168.0000,2.1000,80.0000,96.0000,0.2000
88.0000,16.0000,10.0000,aEM,3.46432915e-06,168.0000,2.1000,80.0000,96.0000,0.2000
88.0000,16.0000,1.0000,0.1,3.46432925e-05,168.0000,2.1000,80.0000,96.0000,0.2000
88.0000,16.0000,1.0000,aEM,3.46466991e-05,168.0000,2.1000,80.0000,96.0000,0.2000
58.8000,5.6000,100.0000,0.1,0.001452439074,168.0000,3.0000,56.0000,61.6000,0.1000
58.8000,5.6000,100.0000,aEM,0.020405604666,168.0000,3.0000,56.0000,61.6000,0.1000
58.8000,5.6000,10.0000,0.1,0.01452600993,168.0000,3.0000,56.0000,61.6000,0.1000
58.8000,5.6000,10.0000,aEM,0.20282680637,168.0000,3.0000,56.0000,61.6000,0.1000
58.8000,5.6000,1.0000,0.1,0.1453371192,168.0000,3.0000,56.0000,61.6000,0.1000
58.8000,5.6000,1.0000,aEM,1.9227871105,168.0000,3.0000,56.0000,61.6000,0.1000
61.6000,11.2000,100.0000,0.1,4.533872863e-05,168.0000,3.0000,56.0000,67.2000,0.2000
61.6000,11.2000,100.0000,aEM,0.00063574564537,168.0000,3.0000,56.0000,67.2000,0.2000
61.6000,11.2000,10.0000,0.1,0.0004533840762,168.0000,3.0000,56.0000,67.2000,0.2000
61.6000,11.2000,10.0000,aEM,0.0063566444961,168.0000,3.0000,56.0000,67.2000,0.2000
61.6000,11.2000,1.0000,0.1,0.004532704275,168.0000,3.0000,56.0000,67.2000,0.2000
61.6000,11.2000,1.0000,aEM,0.063459339534,168.0000,3.0000,56.0000,67.2000,0.2000
85.0500,8.1000,100.0000,0.1,0.468535030008,170.1000,2.1000,81.0000,89.1000,0.1000
85.0500,8.1000,100.0000,aEM,0.0341916800117,170.1000,2.1000,81.0000,89.1000,0.1000
85.0500,8.1000,10.0000,0.1,0.468549400094,170.1000,2.1000,81.0000,89.1000,0.1000
85.0500,8.1000,10.0000,aEM,0.0536977804458,170.1000,2.1000,81.0000,89.1000,0.1000
85.0500,8.1000,1.0000,0.1,0.629316103398,170.1000,2.1000,81.0000,89.1000,0.1000
85.0500,8.1000,1.0000,aEM,0.169378341861,170.1000,2.1000,81.0000,89.1000,0.1000
89.1000,16.2000,100.0000,0.1,3.33220557e-07,170.1000,2.1000,81.0000,97.2000,0.2000
89.1000,16.2000,100.0000,aEM,3.33239251e-07,170.1000,2.1000,81.0000,97.2000,0.2000
89.1000,16.2000,10.0000,0.1,3.33238141e-06,170.1000,2.1000,81.0000,97.2000,0.2000
89.1000,16.2000,10.0000,aEM,3.33250283e-06,170.1000,2.1000,81.0000,97.2000,0.2000
89.1000,16.2000,1.0000,0.1,3.33250283e-05,170.1000,2.1000,81.0000,97.2000,0.2000
89.1000,16.2000,1.0000,aEM,3.33275328e-05,170.1000,2.1000,81.0000,97.2000,0.2000
59.8500,5.7000,100.0000,0.1,0.001368644841,171.0000,3.0000,57.0000,62.7000,0.1000
59.8500,5.7000,100.0000,aEM,0.019168199562,171.0000,3.0000,57.0000,62.7000,0.1000
59.8500,5.7000,10.0000,0.1,0.01368595507,171.0000,3.0000,57.0000,62.7000,0.1000
59.8500,5.7000,10.0000,aEM,0.19069954401,171.0000,3.0000,57.0000,62.7000,0.1000
59.8500,5.7000,1.0000,0.1,0.1368528907,171.0000,3.0000,57.0000,62.7000,0.1000
59.8500,5.7000,1.0000,aEM,1.8117445903,171.0000,3.0000,57.0000,62.7000,0.1000
62.7000,11.4000,100.0000,0.1,4.256264744e-05,171.0000,3.0000,57.0000,68.4000,0.2000
62.7000,11.4000,100.0000,aEM,0.00059884628318,171.0000,3.0000,57.0000,68.4000,0.2000
62.7000,11.4000,10.0000,0.1,0.0004256418979,171.0000,3.0000,57.0000,68.4000,0.2000
62.7000,11.4000,10.0000,aEM,0.0059872818676,171.0000,3.0000,57.0000,68.4000,0.2000
62.7000,11.4000,1.0000,0.1,0.004256855224,171.0000,3.0000,57.0000,68.4000,0.2000
62.7000,11.4000,1.0000,aEM,0.059757562361,171.0000,3.0000,57.0000,68.4000,0.2000
86.1000,8.2000,100.0000,0.1,0.455808717646,172.2000,2.1000,82.0000,90.2000,0.1000
86.1000,8.2000,100.0000,aEM,0.033262067648,172.2000,2.1000,82.0000,90.2000,0.1000
86.1000,8.2000,10.0000,0.1,0.45581187648,172.2000,2.1000,82.0000,90.2000,0.1000
86.1000,8.2000,10.0000,aEM,0.0518437867782,172.2000,2.1000,82.0000,90.2000,0.1000
86.1000,8.2000,1.0000,0.1,0.607022966933,172.2000,2.1000,82.0000,90.2000,0.1000
86.1000,8.2000,1.0000,aEM,0.163625496823,172.2000,2.1000,82.0000,90.2000,0.1000
90.2000,16.4000,100.0000,0.1,3.20957752e-07,172.2000,2.1000,82.0000,98.4000,0.2000
90.2000,16.4000,100.0000,aEM,3.2094452e-07,172.2000,2.1000,82.0000,98.4000,0.2000
90.2000,16.4000,10.0000,0.1,3.20943399e-06,172.2000,2.1000,82.0000,98.4000,0.2000
90.2000,16.4000,10.0000,aEM,3.20956742e-06,172.2000,2.1000,82.0000,98.4000,0.2000
90.2000,16.4000,1.0000,0.1,3.20956731e-05,172.2000,2.1000,82.0000,98.4000,0.2000
90.2000,16.4000,1.0000,aEM,3.20979666e-05,172.2000,2.1000,82.0000,98.4000,0.2000
87.1500,8.3000,100.0000,0.1,0.44637680508,174.3000,2.1000,83.0000,91.3000,0.1000
87.1500,8.3000,100.0000,aEM,0.0325739450832,174.3000,2.1000,83.0000,91.3000,0.1000
87.1500,8.3000,10.0000,0.1,0.446377750832,174.3000,2.1000,83.0000,91.3000,0.1000
87.1500,8.3000,10.0000,aEM,0.0501816910967,174.3000,2.1000,83.0000,91.3000,0.1000
87.1500,8.3000,1.0000,0.1,0.588032510222,174.3000,2.1000,83.0000,91.3000,0.1000
87.1500,8.3000,1.0000,aEM,0.158087088088,174.3000,2.1000,83.0000,91.3000,0.1000
91.3000,16.6000,100.0000,0.1,3.05482117e-07,174.3000,2.1000,83.0000,99.6000,0.2000
91.3000,16.6000,100.0000,aEM,3.05480017e-07,174.3000,2.1000,83.0000,99.6000,0.2000
91.3000,16.6000,10.0000,0.1,3.05495259e-06,174.3000,2.1000,83.0000,99.6000,0.2000
91.3000,16.6000,10.0000,aEM,3.05484247e-06,174.3000,2.1000,83.0000,99.6000,0.2000
91.3000,16.6000,1.0000,0.1,3.05482127e-05,174.3000,2.1000,83.0000,99.6000,0.2000
91.3000,16.6000,1.0000,aEM,3.05515052e-05,174.3000,2.1000,83.0000,99.6000,0.2000
60.9000,5.8000,100.0000,0.1,0.0012902255077,174.0000,3.0000,58.0000,63.8000,0.1000
60.9000,5.8000,100.0000,aEM,0.0180402603059,174.0000,3.0000,58.0000,63.8000,0.1000
60.9000,5.8000,10.0000,0.1,0.012900649348,174.0000,3.0000,58.0000,63.8000,0.1000
60.9000,5.8000,10.0000,aEM,0.179439622792,174.0000,3.0000,58.0000,63.8000,0.1000
60.9000,5.8000,1.0000,0.1,0.12904682074,174.0000,3.0000,58.0000,63.8000,0.1000
60.9000,5.8000,1.0000,aEM,1.70688730501,174.0000,3.0000,58.0000,63.8000,0.1000
63.8000,11.6000,100.0000,0.1,4.02340945e-05,174.0000,3.0000,58.0000,69.6000,0.2000
63.8000,11.6000,100.0000,aEM,0.00056367560633,174.0000,3.0000,58.0000,69.6000,0.2000
63.8000,11.6000,10.0000,0.1,0.0004023288229,174.0000,3.0000,58.0000,69.6000,0.2000
63.8000,11.6000,10.0000,aEM,0.0056356960908,174.0000,3.0000,58.0000,69.6000,0.2000
63.8000,11.6000,1.0000,0.1,0.004023139614,174.0000,3.0000,58.0000,69.6000,0.2000
63.8000,11.6000,1.0000,aEM,0.056231703959,174.0000,3.0000,58.0000,69.6000,0.2000
88.2000,8.4000,100.0000,0.1,0.435792395756,176.4000,2.1000,84.0000,92.4000,0.1000
88.2000,8.4000,100.0000,aEM,0.0318021057583,176.4000,2.1000,84.0000,92.4000,0.1000
88.2000,8.4000,10.0000,0.1,0.435794357563,176.4000,2.1000,84.0000,92.4000,0.1000
88.2000,8.4000,10.0000,aEM,0.0485812978077,176.4000,2.1000,84.0000,92.4000,0.1000
88.2000,8.4000,1.0000,0.1,0.568760477434,176.4000,2.1000,84.0000,92.4000,0.1000
88.2000,8.4000,1.0000,aEM,0.152955711825,176.4000,2.1000,84.0000,92.4000,0.1000
92.4000,16.8000,100.0000,0.1,2.95351524e-07,176.4000,2.1000,84.0000,100.8000,0.2000
92.4000,16.8000,100.0000,aEM,2.95349404e-07,176.4000,2.1000,84.0000,100.8000,0.2000
92.4000,16.8000,10.0000,0.1,2.95338292e-06,176.4000,2.1000,84.0000,100.8000,0.2000
92.4000,16.8000,10.0000,aEM,2.95350514e-06,176.4000,2.1000,84.0000,100.8000,0.2000
92.4000,16.8000,1.0000,0.1,2.95349404e-05,176.4000,2.1000,84.0000,100.8000,0.2000
92.4000,16.8000,1.0000,aEM,2.95372218e-05,176.4000,2.1000,84.0000,100.8000,0.2000
61.9500,5.9000,100.0000,0.1,0.0012113822519,177.0000,3.0000,59.0000,64.9000,0.1000
61.9500,5.9000,100.0000,aEM,0.016980917347,177.0000,3.0000,59.0000,64.9000,0.1000
61.9500,5.9000,10.0000,0.1,0.012113970546,177.0000,3.0000,59.0000,64.9000,0.1000
61.9500,5.9000,10.0000,aEM,0.168980324809,177.0000,3.0000,59.0000,64.9000,0.1000
61.9500,5.9000,1.0000,0.1,0.12115074699,177.0000,3.0000,59.0000,64.9000,0.1000
61.9500,5.9000,1.0000,aEM,1.6118837847,177.0000,3.0000,59.0000,64.9000,0.1000
64.9000,11.8000,100.0000,0.1,3.77729298e-05,177.0000,3.0000,59.0000,70.8000,0.2000
64.9000,11.8000,100.0000,aEM,0.00053105240864,177.0000,3.0000,59.0000,70.8000,0.2000
64.9000,11.8000,10.0000,0.1,0.0003777466174,177.0000,3.0000,59.0000,70.8000,0.2000
64.9000,11.8000,10.0000,aEM,0.0053068581089,177.0000,3.0000,59.0000,70.8000,0.2000
64.9000,11.8000,1.0000,0.1,0.003777318327,177.0000,3.0000,59.0000,70.8000,0.2000
64.9000,11.8000,1.0000,aEM,0.052975283589,177.0000,3.0000,59.0000,70.8000,0.2000
89.2500,8.5000,100.0000,0.1,0.425183684557,178.5000,2.1000,85.0000,93.5000,0.1000
89.2500,8.5000,100.0000,aEM,0.0310275045597,178.5000,2.1000,85.0000,93.5000,0.1000
89.2500,8.5000,10.0000,0.1,0.425196545596,178.5000,2.1000,85.0000,93.5000,0.1000
89.2500,8.5000,10.0000,aEM,0.0469990458121,178.5000,2.1000,85.0000,93.5000,0.1000
89.2500,8.5000,1.0000,0.1,0.550390757509,178.5000,2.1000,85.0000,93.5000,0.1000
89.2500,8.5000,1.0000,aEM,0.14833327168,178.5000,2.1000,85.0000,93.5000,0.1000
93.5000,17.0000,100.0000,0.1,2.83886239e-07,178.5000,2.1000,85.0000,102.0000,0.2000
93.5000,17.0000,100.0000,aEM,2.83893383e-07,178.5000,2.1000,85.0000,102.0000,0.2000
93.5000,17.0000,10.0000,0.1,2.83903484e-06,178.5000,2.1000,85.0000,102.0000,0.2000
93.5000,17.0000,10.0000,aEM,2.83903685e-06,178.5000,2.1000,85.0000,102.0000,0.2000
93.5000,17.0000,1.0000,0.1,2.83903685e-05,178.5000,2.1000,85.0000,102.0000,0.2000
93.5000,17.0000,1.0000,aEM,2.83925384e-05,178.5000,2.1000,85.0000,102.0000,0.2000
9.4500,0.9000,100.0000,0.1,2.7530959248,18.9000,2.1000,9.0000,9.9000,0.1000
9.4500,0.9000,100.0000,aEM,0.2623662708,18.9000,2.1000,9.0000,9.9000,0.1000
9.4500,0.9000,10.0000,0.1,3.067609859,18.9000,2.1000,9.0000,9.9000,0.1000
9.4500,0.9000,10.0000,aEM,0.850613328,18.9000,2.1000,9.0000,9.9000,0.1000
9.4500,0.9000,1.0000,0.1,9.90297468,18.9000,2.1000,9.0000,9.9000,0.1000
9.4500,0.9000,1.0000,aEM,2.9346938,18.9000,2.1000,9.0000,9.9000,0.1000
9.9000,1.8000,100.0000,0.1,0.00011737969,18.9000,2.1000,9.0000,10.8000,0.2000
9.9000,1.8000,100.0000,aEM,0.00011738131,18.9000,2.1000,9.0000,10.8000,0.2000
9.9000,1.8000,10.0000,0.1,0.0011738141,18.9000,2.1000,9.0000,10.8000,0.2000
90.3000,8.6000,100.0000,0.1,0.415367576662,180.6000,2.1000,86.0000,94.6000,0.1000
9.9000,1.8000,10.0000,aEM,0.0011738855,18.9000,2.1000,9.0000,10.8000,0.2000
9.9000,1.8000,1.0000,0.1,0.011738704,18.9000,2.1000,9.0000,10.8000,0.2000
9.9000,1.8000,1.0000,aEM,0.011746066,18.9000,2.1000,9.0000,10.8000,0.2000
90.3000,8.6000,100.0000,aEM,0.0303112266646,180.6000,2.1000,86.0000,94.6000,0.1000
90.3000,8.6000,10.0000,0.1,0.415369366635,180.6000,2.1000,86.0000,94.6000,0.1000
90.3000,8.6000,10.0000,aEM,0.045433026827,180.6000,2.1000,86.0000,94.6000,0.1000
90.3000,8.6000,1.0000,0.1,0.53184996778,180.6000,2.1000,86.0000,94.6000,0.1000
90.3000,8.6000,1.0000,aEM,0.143477814887,180.6000,2.1000,86.0000,94.6000,0.1000
94.6000,17.2000,100.0000,0.1,2.7228359e-07,180.6000,2.1000,86.0000,103.2000,0.2000
94.6000,17.2000,100.0000,aEM,2.72287924e-07,180.6000,2.1000,86.0000,103.2000,0.2000
94.6000,17.2000,10.0000,0.1,2.72302147e-06,180.6000,2.1000,86.0000,103.2000,0.2000
94.6000,17.2000,10.0000,aEM,2.72302147e-06,180.6000,2.1000,86.0000,103.2000,0.2000
94.6000,17.2000,1.0000,0.1,2.72302147e-05,180.6000,2.1000,86.0000,103.2000,0.2000
94.6000,17.2000,1.0000,aEM,2.72320935e-05,180.6000,2.1000,86.0000,103.2000,0.2000
63.0000,6.0000,100.0000,0.1,0.0011461824817,180.0000,3.0000,60.0000,66.0000,0.1000
63.0000,6.0000,100.0000,aEM,0.0160669205521,180.0000,3.0000,60.0000,66.0000,0.1000
63.0000,6.0000,10.0000,0.1,0.011462927631,180.0000,3.0000,60.0000,66.0000,0.1000
63.0000,6.0000,10.0000,aEM,0.159933771639,180.0000,3.0000,60.0000,66.0000,0.1000
63.0000,6.0000,1.0000,0.1,0.11477806835,180.0000,3.0000,60.0000,66.0000,0.1000
63.0000,6.0000,1.0000,aEM,1.52437695913,180.0000,3.0000,60.0000,66.0000,0.1000
66.0000,12.0000,100.0000,0.1,3.573684481e-05,180.0000,3.0000,60.0000,72.0000,0.2000
66.0000,12.0000,100.0000,aEM,0.0005023239842,180.0000,3.0000,60.0000,72.0000,0.2000
66.0000,12.0000,10.0000,0.1,0.0003573694481,180.0000,3.0000,60.0000,72.0000,0.2000
66.0000,12.0000,10.0000,aEM,0.0050224238603,180.0000,3.0000,60.0000,72.0000,0.2000
66.0000,12.0000,1.0000,0.1,0.003573697664,180.0000,3.0000,60.0000,72.0000,0.2000
66.0000,12.0000,1.0000,aEM,0.050122730723,180.0000,3.0000,60.0000,72.0000,0.2000
91.3500,8.7000,100.0000,0.1,0.40678237,182.7000,2.1000,87.0000,95.7000,0.1000
91.3500,8.7000,100.0000,aEM,0.0296839500015,182.7000,2.1000,87.0000,95.7000,0.1000
91.3500,8.7000,10.0000,0.1,0.406783100005,182.7000,2.1000,87.0000,95.7000,0.1000
91.3500,8.7000,10.0000,aEM,0.0442147301818,182.7000,2.1000,87.0000,95.7000,0.1000
91.3500,8.7000,1.0000,0.1,0.517586401238,182.7000,2.1000,87.0000,95.7000,0.1000
91.3500,8.7000,1.0000,aEM,0.139280205854,182.7000,2.1000,87.0000,95.7000,0.1000
95.7000,17.4000,100.0000,0.1,2.611144373e-07,182.7000,2.1000,87.0000,104.4000,0.2000
95.7000,17.4000,100.0000,aEM,2.610992846e-07,182.7000,2.1000,87.0000,104.4000,0.2000
95.7000,17.4000,10.0000,0.1,2.610992846e-06,182.7000,2.1000,87.0000,104.4000,0.2000
95.7000,17.4000,10.0000,aEM,2.611003058e-06,182.7000,2.1000,87.0000,104.4000,0.2000
95.7000,17.4000,1.0000,0.1,2.611013159e-05,182.7000,2.1000,87.0000,104.4000,0.2000
95.7000,17.4000,1.0000,aEM,2.611199534e-05,182.7000,2.1000,87.0000,104.4000,0.2000
64.0500,6.1000,100.0000,0.1,0.0010841155427,183.0000,3.0000,61.0000,67.1000,0.1000
64.0500,6.1000,100.0000,aEM,0.0151571884235,183.0000,3.0000,61.0000,67.1000,0.1000
64.0500,6.1000,10.0000,0.1,0.010834611009,183.0000,3.0000,61.0000,67.1000,0.1000
64.0500,6.1000,10.0000,aEM,0.150922895769,183.0000,3.0000,61.0000,67.1000,0.1000
64.0500,6.1000,1.0000,0.1,0.10834845008,183.0000,3.0000,61.0000,67.1000,0.1000
64.0500,6.1000,1.0000,aEM,1.44201544552,183.0000,3.0000,61.0000,67.1000,0.1000
67.1000,12.2000,100.0000,0.1,3.37176334e-05,183.0000,3.0000,61.0000,73.2000,0.2000
67.1000,12.2000,100.0000,aEM,0.00047400345108,183.0000,3.0000,61.0000,73.2000,0.2000
67.1000,12.2000,10.0000,0.1,0.0003371785472,183.0000,3.0000,61.0000,73.2000,0.2000
67.1000,12.2000,10.0000,aEM,0.004739427527,183.0000,3.0000,61.0000,73.2000,0.2000
67.1000,12.2000,1.0000,0.1,0.003373256533,183.0000,3.0000,61.0000,73.2000,0.2000
67.1000,12.2000,1.0000,aEM,0.047330637023,183.0000,3.0000,61.0000,73.2000,0.2000
92.4000,8.8000,100.0000,0.1,0.398464762152,184.8000,2.1000,88.0000,96.8000,0.1000
92.4000,8.8000,100.0000,aEM,0.0290785921533,184.8000,2.1000,88.0000,96.8000,0.1000
92.4000,8.8000,10.0000,0.1,0.398467321523,184.8000,2.1000,88.0000,96.8000,0.1000
92.4000,8.8000,10.0000,aEM,0.0429104316777,184.8000,2.1000,88.0000,96.8000,0.1000
92.4000,8.8000,1.0000,0.1,0.502450216298,184.8000,2.1000,88.0000,96.8000,0.1000
92.4000,8.8000,1.0000,aEM,0.135162441759,184.8000,2.1000,88.0000,96.8000,0.1000
96.8000,17.6000,100.0000,0.1,2.509935464e-07,184.8000,2.1000,88.0000,105.6000,0.2000
96.8000,17.6000,100.0000,aEM,2.509823252e-07,184.8000,2.1000,88.0000,105.6000,0.2000
96.8000,17.6000,10.0000,0.1,2.510781616e-06,184.8000,2.1000,88.0000,105.6000,0.2000
96.8000,17.6000,10.0000,aEM,2.51081313e-06,184.8000,2.1000,88.0000,105.6000,0.2000
96.8000,17.6000,1.0000,0.1,2.51081313e-05,184.8000,2.1000,88.0000,105.6000,0.2000
96.8000,17.6000,1.0000,aEM,2.511000404e-05,184.8000,2.1000,88.0000,105.6000,0.2000
93.4500,8.9000,100.0000,0.1,0.388467657454,186.9000,2.1000,89.0000,97.9000,0.1000
93.4500,8.9000,100.0000,aEM,0.0283489274554,186.9000,2.1000,89.0000,97.9000,0.1000
93.4500,8.9000,10.0000,0.1,0.388482374541,186.9000,2.1000,89.0000,97.9000,0.1000
93.4500,8.9000,10.0000,aEM,0.0414714046817,186.9000,2.1000,89.0000,97.9000,0.1000
93.4500,8.9000,1.0000,0.1,0.48580674642,186.9000,2.1000,89.0000,97.9000,0.1000
93.4500,8.9000,1.0000,aEM,0.13075241104,186.9000,2.1000,89.0000,97.9000,0.1000
97.9000,17.8000,100.0000,0.1,2.42546474e-07,186.9000,2.1000,89.0000,106.8000,0.2000
97.9000,17.8000,100.0000,aEM,2.425467064e-07,186.9000,2.1000,89.0000,106.8000,0.2000
97.9000,17.8000,10.0000,0.1,2.425487064e-06,186.9000,2.1000,89.0000,106.8000,0.2000
97.9000,17.8000,10.0000,aEM,2.425508376e-06,186.9000,2.1000,89.0000,106.8000,0.2000
97.9000,17.8000,1.0000,0.1,2.425497175e-05,186.9000,2.1000,89.0000,106.8000,0.2000
97.9000,17.8000,1.0000,aEM,2.425693448e-05,186.9000,2.1000,89.0000,106.8000,0.2000
65.1000,6.2000,100.0000,0.1,0.0010237535933,186.0000,3.0000,62.0000,68.2000,0.1000
65.1000,6.2000,100.0000,aEM,0.0143682504405,186.0000,3.0000,62.0000,68.2000,0.1000
65.1000,6.2000,10.0000,0.1,0.010238273403,186.0000,3.0000,62.0000,68.2000,0.1000
65.1000,6.2000,10.0000,aEM,0.143023492541,186.0000,3.0000,62.0000,68.2000,0.1000
65.1000,6.2000,1.0000,0.1,0.10252764573,186.0000,3.0000,62.0000,68.2000,0.1000
65.1000,6.2000,1.0000,aEM,1.36893545388,186.0000,3.0000,62.0000,68.2000,0.1000
68.2000,12.4000,100.0000,0.1,3.203397174e-05,186.0000,3.0000,62.0000,74.4000,0.2000
68.2000,12.4000,100.0000,aEM,0.00044964497668,186.0000,3.0000,62.0000,74.4000,0.2000
68.2000,12.4000,10.0000,0.1,0.0003203387143,186.0000,3.0000,62.0000,74.4000,0.2000
68.2000,12.4000,10.0000,aEM,0.0044952197851,186.0000,3.0000,62.0000,74.4000,0.2000
68.2000,12.4000,1.0000,0.1,0.003203258316,186.0000,3.0000,62.0000,74.4000,0.2000
68.2000,12.4000,1.0000,aEM,0.044888449248,186.0000,3.0000,62.0000,74.4000,0.2000
94.5000,9.0000,100.0000,0.1,0.381391351192,189.0000,2.1000,90.0000,99.0000,0.1000
94.5000,9.0000,100.0000,aEM,0.0278322011934,189.0000,2.1000,90.0000,99.0000,0.1000
94.5000,9.0000,10.0000,0.1,0.38146891193,189.0000,2.1000,90.0000,99.0000,0.1000
94.5000,9.0000,10.0000,aEM,0.0404021520423,189.0000,2.1000,90.0000,99.0000,0.1000
94.5000,9.0000,1.0000,0.1,0.473217320147,189.0000,2.1000,90.0000,99.0000,0.1000
94.5000,9.0000,1.0000,aEM,0.127523623689,189.0000,2.1000,90.0000,99.0000,0.1000
99.0000,18.0000,100.0000,0.1,2.3370877e-07,189.0000,2.1000,90.0000,108.0000,0.2000
99.0000,18.0000,100.0000,aEM,2.3368978e-07,189.0000,2.1000,90.0000,108.0000,0.2000
99.0000,18.0000,10.0000,0.1,2.337087499e-06,189.0000,2.1000,90.0000,108.0000,0.2000
99.0000,18.0000,10.0000,aEM,2.337008812e-06,189.0000,2.1000,90.0000,108.0000,0.2000
99.0000,18.0000,1.0000,0.1,2.337018912e-05,189.0000,2.1000,90.0000,108.0000,0.2000
99.0000,18.0000,1.0000,aEM,2.337304862e-05,189.0000,2.1000,90.0000,108.0000,0.2000
66.1500,6.3000,100.0000,0.1,0.0009656523881,189.0000,3.0000,63.0000,69.3000,0.1000
66.1500,6.3000,100.0000,aEM,0.0136001614218,189.0000,3.0000,63.0000,69.3000,0.1000
66.1500,6.3000,10.0000,0.1,0.009646044939,189.0000,3.0000,63.0000,69.3000,0.1000
66.1500,6.3000,10.0000,aEM,0.135083439375,189.0000,3.0000,63.0000,69.3000,0.1000
66.1500,6.3000,1.0000,0.1,0.09643451974,189.0000,3.0000,63.0000,69.3000,0.1000
66.1500,6.3000,1.0000,aEM,1.29271892769,189.0000,3.0000,63.0000,69.3000,0.1000
69.3000,12.6000,100.0000,0.1,3.008318151e-05,189.0000,3.0000,63.0000,75.6000,0.2000
69.3000,12.6000,100.0000,aEM,0.00042502419474,189.0000,3.0000,63.0000,75.6000,0.2000
69.3000,12.6000,10.0000,0.1,0.0003008186,189.0000,3.0000,63.0000,75.6000,0.2000
69.3000,12.6000,10.0000,aEM,0.0042495539545,189.0000,3.0000,63.0000,75.6000,0.2000
69.3000,12.6000,1.0000,0.1,0.003008280161,189.0000,3.0000,63.0000,75.6000,0.2000
69.3000,12.6000,1.0000,aEM,0.042418660829,189.0000,3.0000,63.0000,75.6000,0.2000
6.3000,0.6000,100.0000,0.1,0.078850724,18.0000,3.0000,6.0000,6.6000,0.1000
6.3000,0.6000,100.0000,aEM,0.837870018,18.0000,3.0000,6.0000,6.6000,0.1000
6.3000,0.6000,10.0000,0.1,0.78882718,18.0000,3.0000,6.0000,6.6000,0.1000
6.3000,0.6000,10.0000,aEM,8.09089942,18.0000,3.0000,6.0000,6.6000,0.1000
6.3000,0.6000,1.0000,0.1,7.9190739,18.0000,3.0000,6.0000,6.6000,0.1000
6.3000,0.6000,1.0000,aEM,61.8067899,18.0000,3.0000,6.0000,6.6000,0.1000
6.6000,1.2000,100.0000,0.1,0.0024661355,18.0000,3.0000,6.0000,7.2000,0.2000
6.6000,1.2000,100.0000,aEM,0.0262427163,18.0000,3.0000,6.0000,7.2000,0.2000
6.6000,1.2000,10.0000,0.1,0.024661507,18.0000,3.0000,6.0000,7.2000,0.2000
6.6000,1.2000,10.0000,aEM,0.262132355,18.0000,3.0000,6.0000,7.2000,0.2000
6.6000,1.2000,1.0000,0.1,0.24663366,18.0000,3.0000,6.0000,7.2000,0.2000
6.6000,1.2000,1.0000,aEM,2.59292168,18.0000,3.0000,6.0000,7.2000,0.2000
95.5500,9.1000,100.0000,0.1,0.372068147142,191.1000,2.1000,91.0000,100.1000,0.1000
95.5500,9.1000,100.0000,aEM,0.0271506171439,191.1000,2.1000,91.0000,100.1000,0.1000
95.5500,9.1000,10.0000,0.1,0.372070571438,191.1000,2.1000,91.0000,100.1000,0.1000
95.5500,9.1000,10.0000,aEM,0.0391582615433,191.1000,2.1000,91.0000,100.1000,0.1000
95.5500,9.1000,1.0000,0.1,0.458289715187,191.1000,2.1000,91.0000,100.1000,0.1000
95.5500,9.1000,1.0000,aEM,0.123532092046,191.1000,2.1000,91.0000,100.1000,0.1000
100.1000,18.2000,100.0000,0.1,2.244052088e-07,191.1000,2.1000,91.0000,109.2000,0.2000
100.1000,18.2000,100.0000,aEM,2.244074507e-07,191.1000,2.1000,91.0000,109.2000,0.2000
100.1000,18.2000,10.0000,0.1,2.244096618e-06,191.1000,2.1000,91.0000,109.2000,0.2000
100.1000,18.2000,10.0000,aEM,2.244074517e-06,191.1000,2.1000,91.0000,109.2000,0.2000
100.1000,18.2000,1.0000,0.1,2.244096619e-05,191.1000,2.1000,91.0000,109.2000,0.2000
100.1000,18.2000,1.0000,aEM,2.244271464e-05,191.1000,2.1000,91.0000,109.2000,0.2000
67.2000,6.4000,100.0000,0.1,0.0009191917241,192.0000,3.0000,64.0000,70.4000,0.1000
67.2000,6.4000,100.0000,aEM,0.0129035097547,192.0000,3.0000,64.0000,70.4000,0.1000
67.2000,6.4000,10.0000,0.1,0.009190125189,192.0000,3.0000,64.0000,70.4000,0.1000
67.2000,6.4000,10.0000,aEM,0.128543170065,192.0000,3.0000,64.0000,70.4000,0.1000
67.2000,6.4000,1.0000,0.1,0.0918718931,192.0000,3.0000,64.0000,70.4000,0.1000
67.2000,6.4000,1.0000,aEM,1.23172807777,192.0000,3.0000,64.0000,70.4000,0.1000
70.4000,12.8000,100.0000,0.1,2.866282748e-05,192.0000,3.0000,64.0000,76.8000,0.2000
70.4000,12.8000,100.0000,aEM,0.00040346091553,192.0000,3.0000,64.0000,76.8000,0.2000
70.4000,12.8000,10.0000,0.1,0.0002866282748,192.0000,3.0000,64.0000,76.8000,0.2000
70.4000,12.8000,10.0000,aEM,0.0040341961719,192.0000,3.0000,64.0000,76.8000,0.2000
70.4000,12.8000,1.0000,0.1,0.00286604378,192.0000,3.0000,64.0000,76.8000,0.2000
70.4000,12.8000,1.0000,aEM,0.040267242707,192.0000,3.0000,64.0000,76.8000,0.2000
96.6000,9.2000,100.0000,0.1,0.365855042893,193.2000,2.1000,92.0000,101.2000,0.1000
96.6000,9.2000,100.0000,aEM,0.0266981528929,193.2000,2.1000,92.0000,101.2000,0.1000
96.6000,9.2000,10.0000,0.1,0.365856528928,193.2000,2.1000,92.0000,101.2000,0.1000
96.6000,9.2000,10.0000,aEM,0.0382224290272,193.2000,2.1000,92.0000,101.2000,0.1000
96.6000,9.2000,1.0000,0.1,0.447263189926,193.2000,2.1000,92.0000,101.2000,0.1000
96.6000,9.2000,1.0000,aEM,0.120426654888,193.2000,2.1000,92.0000,101.2000,0.1000
101.2000,18.4000,100.0000,0.1,2.167271876e-07,193.2000,2.1000,92.0000,110.4000,0.2000
101.2000,18.4000,100.0000,aEM,2.167241661e-07,193.2000,2.1000,92.0000,110.4000,0.2000
101.2000,18.4000,10.0000,0.1,2.167229245e-06,193.2000,2.1000,92.0000,110.4000,0.2000
101.2000,18.4000,10.0000,aEM,2.167241661e-06,193.2000,2.1000,92.0000,110.4000,0.2000
101.2000,18.4000,1.0000,0.1,2.167241661e-05,193.2000,2.1000,92.0000,110.4000,0.2000
101.2000,18.4000,1.0000,aEM,2.167425405e-05,193.2000,2.1000,92.0000,110.4000,0.2000
97.6500,9.3000,100.0000,0.1,0.358201239588,195.3000,2.1000,93.0000,102.3000,0.1000
97.6500,9.3000,100.0000,aEM,0.0261390395898,195.3000,2.1000,93.0000,102.3000,0.1000
97.6500,9.3000,10.0000,0.1,0.358201595885,195.3000,2.1000,93.0000,102.3000,0.1000
97.6500,9.3000,10.0000,aEM,0.0370946759811,195.3000,2.1000,93.0000,102.3000,0.1000
97.6500,9.3000,1.0000,0.1,0.434313859576,195.3000,2.1000,93.0000,102.3000,0.1000
97.6500,9.3000,1.0000,aEM,0.116759183079,195.3000,2.1000,93.0000,102.3000,0.1000
102.3000,18.6000,100.0000,0.1,2.091403826e-07,195.3000,2.1000,93.0000,111.6000,0.2000
102.3000,18.6000,100.0000,aEM,2.091229195e-07,195.3000,2.1000,93.0000,111.6000,0.2000
102.3000,18.6000,10.0000,0.1,2.091239195e-06,195.3000,2.1000,93.0000,111.6000,0.2000
102.3000,18.6000,10.0000,aEM,2.091249196e-06,195.3000,2.1000,93.0000,111.6000,0.2000
102.3000,18.6000,1.0000,0.1,2.091349398e-05,195.3000,2.1000,93.0000,111.6000,0.2000
102.3000,18.6000,1.0000,aEM,2.091414139e-05,195.3000,2.1000,93.0000,111.6000,0.2000
68.2500,6.5000,100.0000,0.1,0.0008755731995,195.0000,3.0000,65.0000,71.5000,0.1000
68.2500,6.5000,100.0000,aEM,0.0122502738484,195.0000,3.0000,65.0000,71.5000,0.1000
68.2500,6.5000,10.0000,0.1,0.008756084739,195.0000,3.0000,65.0000,71.5000,0.1000
68.2500,6.5000,10.0000,aEM,0.122018279195,195.0000,3.0000,65.0000,71.5000,0.1000
68.2500,6.5000,1.0000,0.1,0.08746194585,195.0000,3.0000,65.0000,71.5000,0.1000
68.2500,6.5000,1.0000,aEM,1.17026227399,195.0000,3.0000,65.0000,71.5000,0.1000
71.5000,13.0000,100.0000,0.1,2.722485201e-05,195.0000,3.0000,65.0000,78.0000,0.2000
71.5000,13.0000,100.0000,aEM,0.000382522913657,195.0000,3.0000,65.0000,78.0000,0.2000
71.5000,13.0000,10.0000,0.1,0.00027224751998,195.0000,3.0000,65.0000,78.0000,0.2000
71.5000,13.0000,10.0000,aEM,0.00382464314003,195.0000,3.0000,65.0000,78.0000,0.2000
71.5000,13.0000,1.0000,0.1,0.0027231862344,195.0000,3.0000,65.0000,78.0000,0.2000
71.5000,13.0000,1.0000,aEM,0.0381928523205,195.0000,3.0000,65.0000,78.0000,0.2000
98.7000,9.4000,100.0000,0.1,0.349857735515,197.4000,2.1000,94.0000,103.4000,0.1000
98.7000,9.4000,100.0000,aEM,0.0255303055154,197.4000,2.1000,94.0000,103.4000,0.1000
98.7000,9.4000,10.0000,0.1,0.349858155152,197.4000,2.1000,94.0000,103.4000,0.1000
98.7000,9.4000,10.0000,aEM,0.0359750652329,197.4000,2.1000,94.0000,103.4000,0.1000
98.7000,9.4000,1.0000,0.1,0.421266952115,197.4000,2.1000,94.0000,103.4000,0.1000
98.7000,9.4000,1.0000,aEM,0.113561857532,197.4000,2.1000,94.0000,103.4000,0.1000
103.4000,18.8000,100.0000,0.1,2.011844713e-07,197.4000,2.1000,94.0000,112.8000,0.2000
103.4000,18.8000,100.0000,aEM,2.011719982e-07,197.4000,2.1000,94.0000,112.8000,0.2000
103.4000,18.8000,10.0000,0.1,2.011761186e-06,197.4000,2.1000,94.0000,112.8000,0.2000
103.4000,18.8000,10.0000,aEM,2.011741184e-06,197.4000,2.1000,94.0000,112.8000,0.2000
103.4000,18.8000,1.0000,0.1,2.011751184e-05,197.4000,2.1000,94.0000,112.8000,0.2000
103.4000,18.8000,1.0000,aEM,2.011885826e-05,197.4000,2.1000,94.0000,112.8000,0.2000
69.3000,6.6000,100.0000,0.1,0.0008287157884,198.0000,3.0000,66.0000,72.6000,0.1000
69.3000,6.6000,100.0000,aEM,0.0116389924659,198.0000,3.0000,66.0000,72.6000,0.1000
69.3000,6.6000,10.0000,0.1,0.008277484586,198.0000,3.0000,66.0000,72.6000,0.1000
69.3000,6.6000,10.0000,aEM,0.115867493768,198.0000,3.0000,66.0000,72.6000,0.1000
69.3000,6.6000,1.0000,0.1,0.08271718079,198.0000,3.0000,66.0000,72.6000,0.1000
69.3000,6.6000,1.0000,aEM,1.11254125339,198.0000,3.0000,66.0000,72.6000,0.1000
72.6000,13.2000,100.0000,0.1,2.5829504102e-05,198.0000,3.0000,66.0000,79.2000,0.2000
72.6000,13.2000,100.0000,aEM,0.000363220505537,198.0000,3.0000,66.0000,79.2000,0.2000
72.6000,13.2000,10.0000,0.1,0.00025829504102,198.0000,3.0000,66.0000,79.2000,0.2000
72.6000,13.2000,10.0000,aEM,0.00363201206283,198.0000,3.0000,66.0000,79.2000,0.2000
72.6000,13.2000,1.0000,0.1,0.0025831004738,198.0000,3.0000,66.0000,79.2000,0.2000
72.6000,13.2000,1.0000,aEM,0.0362704813804,198.0000,3.0000,66.0000,79.2000,0.2000
99.7500,9.5000,100.0000,0.1,0.341758732626,199.5000,2.1000,95.0000,104.5000,0.1000
99.7500,9.5000,100.0000,aEM,0.0249404026266,199.5000,2.1000,95.0000,104.5000,0.1000
99.7500,9.5000,10.0000,0.1,0.341759026265,199.5000,2.1000,95.0000,104.5000,0.1000
99.7500,9.5000,10.0000,aEM,0.0348666663318,199.5000,2.1000,95.0000,104.5000,0.1000
99.7500,9.5000,1.0000,0.1,0.408232263115,199.5000,2.1000,95.0000,104.5000,0.1000
99.7500,9.5000,1.0000,aEM,0.109752467498,199.5000,2.1000,95.0000,104.5000,0.1000
104.5000,19.0000,100.0000,0.1,1.946477605e-07,199.5000,2.1000,95.0000,114.0000,0.2000
104.5000,19.0000,100.0000,aEM,1.946455572e-07,199.5000,2.1000,95.0000,114.0000,0.2000
104.5000,19.0000,10.0000,0.1,1.94642526e-06,199.5000,2.1000,95.0000,114.0000,0.2000
104.5000,19.0000,10.0000,aEM,1.946475593e-06,199.5000,2.1000,95.0000,114.0000,0.2000
104.5000,19.0000,1.0000,0.1,1.946465593e-05,199.5000,2.1000,95.0000,114.0000,0.2000
104.5000,19.0000,1.0000,aEM,1.946600183e-05,199.5000,2.1000,95.0000,114.0000,0.2000
1.0500,0.1000,100.0000,0.1,4.769808456,2.1000,2.1000,1.0000,1.1000,0.1000
1.0500,0.1000,100.0000,aEM,1.056296509,2.1000,2.1000,1.0000,1.1000,0.1000
1.0500,0.1000,10.0000,0.1,12.32593207,2.1000,2.1000,1.0000,1.1000,0.1000
1.0500,0.1000,10.0000,aEM,3.54482777,2.1000,2.1000,1.0000,1.1000,0.1000
1.0500,0.1000,1.0000,0.1,40.9251547,2.1000,2.1000,1.0000,1.1000,0.1000
1.0500,0.1000,1.0000,aEM,15.2556132,2.1000,2.1000,1.0000,1.1000,0.1000
1.1000,0.2000,100.0000,0.1,0.0011161332,2.1000,2.1000,1.0000,1.2000,0.2000
1.1000,0.2000,100.0000,aEM,0.0011161966,2.1000,2.1000,1.0000,1.2000,0.2000
1.1000,0.2000,10.0000,0.1,0.011161824,2.1000,2.1000,1.0000,1.2000,0.2000
1.1000,0.2000,10.0000,aEM,0.011168192,2.1000,2.1000,1.0000,1.2000,0.2000
1.1000,0.2000,1.0000,0.1,0.1116625,2.1000,2.1000,1.0000,1.2000,0.2000
1.1000,0.2000,1.0000,aEM,0.11229669,2.1000,2.1000,1.0000,1.2000,0.2000
100.8000,9.6000,100.0000,0.1,0.335267629998,201.6000,2.1000,96.0000,105.6000,0.1000
100.8000,9.6000,100.0000,aEM,0.0244659299994,201.6000,2.1000,96.0000,105.6000,0.1000
100.8000,9.6000,10.0000,0.1,0.335268899993,201.6000,2.1000,96.0000,105.6000,0.1000
100.8000,9.6000,10.0000,aEM,0.0339650400559,201.6000,2.1000,96.0000,105.6000,0.1000
100.8000,9.6000,1.0000,0.1,0.397808200366,201.6000,2.1000,96.0000,105.6000,0.1000
100.8000,9.6000,1.0000,aEM,0.107320266614,201.6000,2.1000,96.0000,105.6000,0.1000
105.6000,19.2000,100.0000,0.1,1.874648898e-07,201.6000,2.1000,96.0000,115.2000,0.2000
105.6000,19.2000,100.0000,aEM,1.874751365e-07,201.6000,2.1000,96.0000,115.2000,0.2000
105.6000,19.2000,10.0000,0.1,1.874791477e-06,201.6000,2.1000,96.0000,115.2000,0.2000
105.6000,19.2000,10.0000,aEM,1.874761365e-06,201.6000,2.1000,96.0000,115.2000,0.2000
105.6000,19.2000,1.0000,0.1,1.874751365e-05,201.6000,2.1000,96.0000,115.2000,0.2000
105.6000,19.2000,1.0000,aEM,1.874894955e-05,201.6000,2.1000,96.0000,115.2000,0.2000
70.3500,6.7000,100.0000,0.1,0.0007905807349,201.0000,3.0000,67.0000,73.7000,0.1000
70.3500,6.7000,100.0000,aEM,0.0110736593269,201.0000,3.0000,67.0000,73.7000,0.1000
70.3500,6.7000,10.0000,0.1,0.007901363949,201.0000,3.0000,67.0000,73.7000,0.1000
70.3500,6.7000,10.0000,aEM,0.110264791053,201.0000,3.0000,67.0000,73.7000,0.1000
70.3500,6.7000,1.0000,0.1,0.07904368704,201.0000,3.0000,67.0000,73.7000,0.1000
70.3500,6.7000,1.0000,aEM,1.05817149414,201.0000,3.0000,67.0000,73.7000,0.1000
73.7000,13.4000,100.0000,0.1,2.4580839414e-05,201.0000,3.0000,67.0000,80.4000,0.2000
73.7000,13.4000,100.0000,aEM,0.000346266080976,201.0000,3.0000,67.0000,80.4000,0.2000
73.7000,13.4000,10.0000,0.1,0.00024580849625,201.0000,3.0000,67.0000,80.4000,0.2000
73.7000,13.4000,10.0000,aEM,0.0034619498151,201.0000,3.0000,67.0000,80.4000,0.2000
73.7000,13.4000,1.0000,0.1,0.002457918016,201.0000,3.0000,67.0000,80.4000,0.2000
73.7000,13.4000,1.0000,aEM,0.0345745687763,201.0000,3.0000,67.0000,80.4000,0.2000
101.8500,9.7000,100.0000,0.1,0.327366527279,203.7000,2.1000,97.0000,106.7000,0.1000
101.8500,9.7000,100.0000,aEM,0.0238892572806,203.7000,2.1000,97.0000,106.7000,0.1000
101.8500,9.7000,10.0000,0.1,0.327367772804,203.7000,2.1000,97.0000,106.7000,0.1000
101.8500,9.7000,10.0000,aEM,0.032925422855,203.7000,2.1000,97.0000,106.7000,0.1000
101.8500,9.7000,1.0000,0.1,0.38569942846,203.7000,2.1000,97.0000,106.7000,0.1000
101.8500,9.7000,1.0000,aEM,0.104210560623,203.7000,2.1000,97.0000,106.7000,0.1000
106.7000,19.4000,100.0000,0.1,1.810231492e-07,203.7000,2.1000,97.0000,116.4000,0.2000
106.7000,19.4000,100.0000,aEM,1.810191269e-07,203.7000,2.1000,97.0000,116.4000,0.2000
106.7000,19.4000,10.0000,0.1,1.810180258e-06,203.7000,2.1000,97.0000,116.4000,0.2000
106.7000,19.4000,10.0000,aEM,1.810231491e-06,203.7000,2.1000,97.0000,116.4000,0.2000
106.7000,19.4000,1.0000,0.1,1.81023129e-05,203.7000,2.1000,97.0000,116.4000,0.2000
106.7000,19.4000,1.0000,aEM,1.81035497e-05,203.7000,2.1000,97.0000,116.4000,0.2000
71.4000,6.8000,100.0000,0.1,0.000747876929,204.0000,3.0000,68.0000,74.8000,0.1000
71.4000,6.8000,100.0000,aEM,0.0104826785076,204.0000,3.0000,68.0000,74.8000,0.1000
71.4000,6.8000,10.0000,0.1,0.007479641739,204.0000,3.0000,68.0000,74.8000,0.1000
71.4000,6.8000,10.0000,aEM,0.104513131838,204.0000,3.0000,68.0000,74.8000,0.1000
71.4000,6.8000,1.0000,0.1,0.07472700629,204.0000,3.0000,68.0000,74.8000,0.1000
71.4000,6.8000,1.0000,aEM,1.00564809939,204.0000,3.0000,68.0000,74.8000,0.1000
74.8000,13.6000,100.0000,0.1,2.3385075025e-05,204.0000,3.0000,68.0000,81.6000,0.2000
74.8000,13.6000,100.0000,aEM,0.000327860316259,204.0000,3.0000,68.0000,81.6000,0.2000
74.8000,13.6000,10.0000,0.1,0.00023385285337,204.0000,3.0000,68.0000,81.6000,0.2000
74.8000,13.6000,10.0000,aEM,0.00327823216793,204.0000,3.0000,68.0000,81.6000,0.2000
74.8000,13.6000,1.0000,0.1,0.0023385495559,204.0000,3.0000,68.0000,81.6000,0.2000
74.8000,13.6000,1.0000,aEM,0.0327723622289,204.0000,3.0000,68.0000,81.6000,0.2000
102.9000,9.8000,100.0000,0.1,0.32126812487,205.8000,2.1000,98.0000,107.8000,0.1000
102.9000,9.8000,100.0000,aEM,0.0234442548712,205.8000,2.1000,98.0000,107.8000,0.1000
102.9000,9.8000,10.0000,0.1,0.321268348713,205.8000,2.1000,98.0000,107.8000,0.1000
102.9000,9.8000,10.0000,aEM,0.0321229487593,205.8000,2.1000,98.0000,107.8000,0.1000
102.9000,9.8000,1.0000,0.1,0.376183487405,205.8000,2.1000,98.0000,107.8000,0.1000
102.9000,9.8000,1.0000,aEM,0.101252014736,205.8000,2.1000,98.0000,107.8000,0.1000
107.8000,19.6000,100.0000,0.1,1.751263882e-07,205.8000,2.1000,98.0000,117.6000,0.2000
107.8000,19.6000,100.0000,aEM,1.751207547e-07,205.8000,2.1000,98.0000,117.6000,0.2000
107.8000,19.6000,10.0000,0.1,1.751206536e-06,205.8000,2.1000,98.0000,117.6000,0.2000
107.8000,19.6000,10.0000,aEM,1.751207546e-06,205.8000,2.1000,98.0000,117.6000,0.2000
107.8000,19.6000,1.0000,0.1,1.751207648e-05,205.8000,2.1000,98.0000,117.6000,0.2000
107.8000,19.6000,1.0000,aEM,1.751308115e-05,205.8000,2.1000,98.0000,117.6000,0.2000
103.9500,9.9000,100.0000,0.1,0.314373422897,207.9000,2.1000,99.0000,108.9000,0.1000
103.9500,9.9000,100.0000,aEM,0.0229403228982,207.9000,2.1000,99.0000,108.9000,0.1000
103.9500,9.9000,10.0000,0.1,0.31437362898,207.9000,2.1000,99.0000,108.9000,0.1000
103.9500,9.9000,10.0000,aEM,0.0312394290268,207.9000,2.1000,99.0000,108.9000,0.1000
103.9500,9.9000,1.0000,0.1,0.3657453901,207.9000,2.1000,99.0000,108.9000,0.1000
103.9500,9.9000,1.0000,aEM,0.098775530311,207.9000,2.1000,99.0000,108.9000,0.1000
108.9000,19.8000,100.0000,0.1,1.685112155e-07,207.9000,2.1000,99.0000,118.8000,0.2000
108.9000,19.8000,100.0000,aEM,1.684980676e-07,207.9000,2.1000,99.0000,118.8000,0.2000
108.9000,19.8000,10.0000,0.1,1.685002688e-06,207.9000,2.1000,99.0000,118.8000,0.2000
108.9000,19.8000,10.0000,aEM,1.685013688e-06,207.9000,2.1000,99.0000,118.8000,0.2000
108.9000,19.8000,1.0000,0.1,1.685002688e-05,207.9000,2.1000,99.0000,118.8000,0.2000
108.9000,19.8000,1.0000,aEM,1.685112155e-05,207.9000,2.1000,99.0000,118.8000,0.2000
72.4500,6.9000,100.0000,0.1,0.0007135617424,207.0000,3.0000,69.0000,75.9000,0.1000
72.4500,6.9000,100.0000,aEM,0.0100225235777,207.0000,3.0000,69.0000,75.9000,0.1000
72.4500,6.9000,10.0000,0.1,0.00713557692,207.0000,3.0000,69.0000,75.9000,0.1000
72.4500,6.9000,10.0000,aEM,0.099805131551,207.0000,3.0000,69.0000,75.9000,0.1000
72.4500,6.9000,1.0000,0.1,0.07128690056,207.0000,3.0000,69.0000,75.9000,0.1000
72.4500,6.9000,1.0000,aEM,0.96124479121,207.0000,3.0000,69.0000,75.9000,0.1000
75.9000,13.8000,100.0000,0.1,2.2260238546e-05,207.0000,3.0000,69.0000,82.8000,0.2000
75.9000,13.8000,100.0000,aEM,0.000313463729357,207.0000,3.0000,69.0000,82.8000,0.2000
75.9000,13.8000,10.0000,0.1,0.00022262088434,207.0000,3.0000,69.0000,82.8000,0.2000
75.9000,13.8000,10.0000,aEM,0.00313433729881,207.0000,3.0000,69.0000,82.8000,0.2000
75.9000,13.8000,1.0000,0.1,0.0022262128756,207.0000,3.0000,69.0000,82.8000,0.2000
75.9000,13.8000,1.0000,aEM,0.031281493454,207.0000,3.0000,69.0000,82.8000,0.2000
10.5000,1.0000,100.0000,0.1,2.7310952656,21.0000,2.1000,10.0000,11.0000,0.1000
10.5000,1.0000,100.0000,aEM,0.247786928,21.0000,2.1000,10.0000,11.0000,0.1000
10.5000,1.0000,10.0000,0.1,2.892867543,21.0000,2.1000,10.0000,11.0000,0.1000
10.5000,1.0000,10.0000,aEM,0.80128532,21.0000,2.1000,10.0000,11.0000,0.1000
10.5000,1.0000,1.0000,0.1,9.33188955,21.0000,2.1000,10.0000,11.0000,0.1000
10.5000,1.0000,1.0000,aEM,2.75801322,21.0000,2.1000,10.0000,11.0000,0.1000
11.0000,2.0000,100.0000,0.1,0.000106507308,21.0000,2.1000,10.0000,12.0000,0.2000
11.0000,2.0000,100.0000,aEM,0.00010650762,21.0000,2.1000,10.0000,12.0000,0.2000
11.0000,2.0000,10.0000,0.1,0.0010650762,21.0000,2.1000,10.0000,12.0000,0.2000
11.0000,2.0000,10.0000,aEM,0.0010651566,21.0000,2.1000,10.0000,12.0000,0.2000
11.0000,2.0000,1.0000,0.1,0.0106513147,21.0000,2.1000,10.0000,12.0000,0.2000
11.0000,2.0000,1.0000,aEM,0.0106572194,21.0000,2.1000,10.0000,12.0000,0.2000
105.0000,10.0000,100.0000,0.1,0.309360721041,210.0000,2.1000,100.0000,110.0000,0.1000
105.0000,10.0000,100.0000,aEM,0.0225753110411,210.0000,2.1000,100.0000,110.0000,0.1000
105.0000,10.0000,10.0000,0.1,0.309361910411,210.0000,2.1000,100.0000,110.0000,0.1000
105.0000,10.0000,10.0000,aEM,0.0304535204535,210.0000,2.1000,100.0000,110.0000,0.1000
105.0000,10.0000,1.0000,0.1,0.357507304369,210.0000,2.1000,100.0000,110.0000,0.1000
105.0000,10.0000,1.0000,aEM,0.096317118756,210.0000,2.1000,100.0000,110.0000,0.1000
110.0000,20.0000,100.0000,0.1,1.632934454e-07,210.0000,2.1000,100.0000,120.0000,0.2000
110.0000,20.0000,100.0000,aEM,1.633032821e-07,210.0000,2.1000,100.0000,120.0000,0.2000
110.0000,20.0000,10.0000,0.1,1.6330118e-06,210.0000,2.1000,100.0000,120.0000,0.2000
110.0000,20.0000,10.0000,aEM,1.633032821e-06,210.0000,2.1000,100.0000,120.0000,0.2000
110.0000,20.0000,1.0000,0.1,1.633032821e-05,210.0000,2.1000,100.0000,120.0000,0.2000
110.0000,20.0000,1.0000,aEM,1.633142277e-05,210.0000,2.1000,100.0000,120.0000,0.2000
73.5000,7.0000,100.0000,0.1,0.0006838847614,210.0000,3.0000,70.0000,77.0000,0.1000
73.5000,7.0000,100.0000,aEM,0.0095470955076,210.0000,3.0000,70.0000,77.0000,0.1000
73.5000,7.0000,10.0000,0.1,0.006834749981,210.0000,3.0000,70.0000,77.0000,0.1000
73.5000,7.0000,10.0000,aEM,0.095082989975,210.0000,3.0000,70.0000,77.0000,0.1000
73.5000,7.0000,1.0000,0.1,0.06838398527,210.0000,3.0000,70.0000,77.0000,0.1000
73.5000,7.0000,1.0000,aEM,0.9166790979,210.0000,3.0000,70.0000,77.0000,0.1000
77.0000,14.0000,100.0000,0.1,2.1301372333e-05,210.0000,3.0000,70.0000,84.0000,0.2000
77.0000,14.0000,100.0000,aEM,0.000298209443034,210.0000,3.0000,70.0000,84.0000,0.2000
77.0000,14.0000,10.0000,0.1,0.00021300862232,210.0000,3.0000,70.0000,84.0000,0.2000
77.0000,14.0000,10.0000,aEM,0.00298173543457,210.0000,3.0000,70.0000,84.0000,0.2000
77.0000,14.0000,1.0000,0.1,0.0021299672434,210.0000,3.0000,70.0000,84.0000,0.2000
77.0000,14.0000,1.0000,aEM,0.0297850547482,210.0000,3.0000,70.0000,84.0000,0.2000
74.5500,7.1000,100.0000,0.1,0.0006479384007,213.0000,3.0000,71.0000,78.1000,0.1000
74.5500,7.1000,100.0000,aEM,0.0090887907757,213.0000,3.0000,71.0000,78.1000,0.1000
74.5500,7.1000,10.0000,0.1,0.006479256373,213.0000,3.0000,71.0000,78.1000,0.1000
74.5500,7.1000,10.0000,aEM,0.090576582043,213.0000,3.0000,71.0000,78.1000,0.1000
74.5500,7.1000,1.0000,0.1,0.06483380478,213.0000,3.0000,71.0000,78.1000,0.1000
74.5500,7.1000,1.0000,aEM,0.87301664878,213.0000,3.0000,71.0000,78.1000,0.1000
78.1000,14.2000,100.0000,0.1,2.0203061617e-05,213.0000,3.0000,71.0000,85.2000,0.2000
78.1000,14.2000,100.0000,aEM,0.00028429612003,213.0000,3.0000,71.0000,85.2000,0.2000
78.1000,14.2000,10.0000,0.1,0.00020202951615,213.0000,3.0000,71.0000,85.2000,0.2000
78.1000,14.2000,10.0000,aEM,0.00284259120244,213.0000,3.0000,71.0000,85.2000,0.2000
78.1000,14.2000,1.0000,0.1,0.0020204251729,213.0000,3.0000,71.0000,85.2000,0.2000
78.1000,14.2000,1.0000,aEM,0.0283868823838,213.0000,3.0000,71.0000,85.2000,0.2000
75.6000,7.2000,100.0000,0.1,0.0006216579475,216.0000,3.0000,72.0000,79.2000,0.1000
75.6000,7.2000,100.0000,aEM,0.0086975347553,216.0000,3.0000,72.0000,79.2000,0.1000
75.6000,7.2000,10.0000,0.1,0.006225708699,216.0000,3.0000,72.0000,79.2000,0.1000
75.6000,7.2000,10.0000,aEM,0.086807771258,216.0000,3.0000,72.0000,79.2000,0.1000
75.6000,7.2000,1.0000,0.1,0.06226039417,216.0000,3.0000,72.0000,79.2000,0.1000
75.6000,7.2000,1.0000,aEM,0.83855988774,216.0000,3.0000,72.0000,79.2000,0.1000
79.2000,14.4000,100.0000,0.1,1.9377418791e-05,216.0000,3.0000,72.0000,86.4000,0.2000
79.2000,14.4000,100.0000,aEM,0.000272388678893,216.0000,3.0000,72.0000,86.4000,0.2000
79.2000,14.4000,10.0000,0.1,0.0001937721868,216.0000,3.0000,72.0000,86.4000,0.2000
79.2000,14.4000,10.0000,aEM,0.00272362879409,216.0000,3.0000,72.0000,86.4000,0.2000
79.2000,14.4000,1.0000,0.1,0.0019378618894,216.0000,3.0000,72.0000,86.4000,0.2000
79.2000,14.4000,1.0000,aEM,0.0272414982584,216.0000,3.0000,72.0000,86.4000,0.2000
76.6500,7.3000,100.0000,0.1,0.0005910731702,219.0000,3.0000,73.0000,80.3000,0.1000
76.6500,7.3000,100.0000,aEM,0.0083093440719,219.0000,3.0000,73.0000,80.3000,0.1000
76.6500,7.3000,10.0000,0.1,0.005914344906,219.0000,3.0000,73.0000,80.3000,0.1000
76.6500,7.3000,10.0000,aEM,0.082803083986,219.0000,3.0000,73.0000,80.3000,0.1000
76.6500,7.3000,1.0000,0.1,0.05918841248,219.0000,3.0000,73.0000,80.3000,0.1000
76.6500,7.3000,1.0000,aEM,0.79711756739,219.0000,3.0000,73.0000,80.3000,0.1000
80.3000,14.6000,100.0000,0.1,1.8437955916e-05,219.0000,3.0000,73.0000,87.6000,0.2000
80.3000,14.6000,100.0000,aEM,0.000259631656489,219.0000,3.0000,73.0000,87.6000,0.2000
80.3000,14.6000,10.0000,0.1,0.00018437955906,219.0000,3.0000,73.0000,87.6000,0.2000
80.3000,14.6000,10.0000,aEM,0.00259598956633,219.0000,3.0000,73.0000,87.6000,0.2000
80.3000,14.6000,1.0000,0.1,0.001843977605,219.0000,3.0000,73.0000,87.6000,0.2000
80.3000,14.6000,1.0000,aEM,0.0259356859341,219.0000,3.0000,73.0000,87.6000,0.2000
7.3500,0.7000,100.0000,0.1,0.067745692,21.0000,3.0000,7.0000,7.7000,0.1000
7.3500,0.7000,100.0000,aEM,0.712986257,21.0000,3.0000,7.0000,7.7000,0.1000
7.3500,0.7000,10.0000,0.1,0.67744776,21.0000,3.0000,7.0000,7.7000,0.1000
7.3500,0.7000,10.0000,aEM,6.90754769,21.0000,3.0000,7.0000,7.7000,0.1000
7.3500,0.7000,1.0000,0.1,6.7943974,21.0000,3.0000,7.0000,7.7000,0.1000
7.3500,0.7000,1.0000,aEM,54.404453,21.0000,3.0000,7.0000,7.7000,0.1000
7.7000,1.4000,100.0000,0.1,0.0021108521,21.0000,3.0000,7.0000,8.4000,0.2000
7.7000,1.4000,100.0000,aEM,0.0223528469,21.0000,3.0000,7.0000,8.4000,0.2000
7.7000,1.4000,10.0000,0.1,0.021108382,21.0000,3.0000,7.0000,8.4000,0.2000
7.7000,1.4000,10.0000,aEM,0.223305567,21.0000,3.0000,7.0000,8.4000,0.2000
7.7000,1.4000,1.0000,0.1,0.21110645,21.0000,3.0000,7.0000,8.4000,0.2000
7.7000,1.4000,1.0000,aEM,2.21170593,21.0000,3.0000,7.0000,8.4000,0.2000
77.7000,7.4000,100.0000,0.1,0.0005655902425,222.0000,3.0000,74.0000,81.4000,0.1000
77.7000,7.4000,100.0000,aEM,0.0079440560015,222.0000,3.0000,74.0000,81.4000,0.1000
77.7000,7.4000,10.0000,0.1,0.005656051627,222.0000,3.0000,74.0000,81.4000,0.1000
77.7000,7.4000,10.0000,aEM,0.079110822885,222.0000,3.0000,74.0000,81.4000,0.1000
77.7000,7.4000,1.0000,0.1,0.05660475719,222.0000,3.0000,74.0000,81.4000,0.1000
77.7000,7.4000,1.0000,aEM,0.7618007135,222.0000,3.0000,74.0000,81.4000,0.1000
81.4000,14.8000,100.0000,0.1,1.7582493058e-05,222.0000,3.0000,74.0000,88.8000,0.2000
81.4000,14.8000,100.0000,aEM,0.000248273263488,222.0000,3.0000,74.0000,88.8000,0.2000
81.4000,14.8000,10.0000,0.1,0.00017582282946,222.0000,3.0000,74.0000,88.8000,0.2000
81.4000,14.8000,10.0000,aEM,0.00248218363631,222.0000,3.0000,74.0000,88.8000,0.2000
81.4000,14.8000,1.0000,0.1,0.0017581303058,222.0000,3.0000,74.0000,88.8000,0.2000
81.4000,14.8000,1.0000,aEM,0.0247923966063,222.0000,3.0000,74.0000,88.8000,0.2000
78.7500,7.5000,100.0000,0.1,0.00054017134148,225.0000,3.0000,75.0000,82.5000,0.1000
78.7500,7.5000,100.0000,aEM,0.00757813184902,225.0000,3.0000,75.0000,82.5000,0.1000
78.7500,7.5000,10.0000,0.1,0.0054022345943,225.0000,3.0000,75.0000,82.5000,0.1000
78.7500,7.5000,10.0000,aEM,0.075535020893,225.0000,3.0000,75.0000,82.5000,0.1000
78.7500,7.5000,1.0000,0.1,0.054006773704,225.0000,3.0000,75.0000,82.5000,0.1000
78.7500,7.5000,1.0000,aEM,0.728049956468,225.0000,3.0000,75.0000,82.5000,0.1000
82.5000,15.0000,100.0000,0.1,1.6829964765e-05,225.0000,3.0000,75.0000,90.0000,0.2000
82.5000,15.0000,100.0000,aEM,0.000237027644935,225.0000,3.0000,75.0000,90.0000,0.2000
82.5000,15.0000,10.0000,0.1,0.00016829834613,225.0000,3.0000,75.0000,90.0000,0.2000
82.5000,15.0000,10.0000,aEM,0.00237053845159,225.0000,3.0000,75.0000,90.0000,0.2000
82.5000,15.0000,1.0000,0.1,0.0016829344795,225.0000,3.0000,75.0000,90.0000,0.2000
82.5000,15.0000,1.0000,aEM,0.0236733547175,225.0000,3.0000,75.0000,90.0000,0.2000
79.8000,7.6000,100.0000,0.1,0.00051581985949,228.0000,3.0000,76.0000,83.6000,0.1000
79.8000,7.6000,100.0000,aEM,0.00726837842792,228.0000,3.0000,76.0000,83.6000,0.1000
79.8000,7.6000,10.0000,0.1,0.0051563867644,228.0000,3.0000,76.0000,83.6000,0.1000
79.8000,7.6000,10.0000,aEM,0.0724155664146,228.0000,3.0000,76.0000,83.6000,0.1000
79.8000,7.6000,1.0000,0.1,0.051558583278,228.0000,3.0000,76.0000,83.6000,0.1000
79.8000,7.6000,1.0000,aEM,0.699784580789,228.0000,3.0000,76.0000,83.6000,0.1000
83.6000,15.2000,100.0000,0.1,1.610560328e-05,228.0000,3.0000,76.0000,91.2000,0.2000
83.6000,15.2000,100.0000,aEM,0.000227514663622,228.0000,3.0000,76.0000,91.2000,0.2000
83.6000,15.2000,10.0000,0.1,0.00016106033431,228.0000,3.0000,76.0000,91.2000,0.2000
83.6000,15.2000,10.0000,aEM,0.00227504063835,228.0000,3.0000,76.0000,91.2000,0.2000
83.6000,15.2000,1.0000,0.1,0.0016105823494,228.0000,3.0000,76.0000,91.2000,0.2000
83.6000,15.2000,1.0000,aEM,0.0227327265637,228.0000,3.0000,76.0000,91.2000,0.2000
11.5500,1.1000,100.0000,0.1,2.6963496065,23.1000,2.1000,11.0000,12.1000,0.1000
11.5500,1.1000,100.0000,aEM,0.2343413576,23.1000,2.1000,11.0000,12.1000,0.1000
11.5500,1.1000,10.0000,0.1,2.73681504,23.1000,2.1000,11.0000,12.1000,0.1000
11.5500,1.1000,10.0000,aEM,0.757318624,23.1000,2.1000,11.0000,12.1000,0.1000
11.5500,1.1000,1.0000,0.1,8.82430702,23.1000,2.1000,11.0000,12.1000,0.1000
11.5500,1.1000,1.0000,aEM,2.60626687,23.1000,2.1000,11.0000,12.1000,0.1000
12.1000,2.2000,100.0000,0.1,9.7947038e-05,23.1000,2.1000,11.0000,13.2000,0.2000
12.1000,2.2000,100.0000,aEM,9.7945224e-05,23.1000,2.1000,11.0000,13.2000,0.2000
12.1000,2.2000,10.0000,0.1,0.00097945424,23.1000,2.1000,11.0000,13.2000,0.2000
12.1000,2.2000,10.0000,aEM,0.00097950052,23.1000,2.1000,11.0000,13.2000,0.2000
12.1000,2.2000,1.0000,0.1,0.009794864,23.1000,2.1000,11.0000,13.2000,0.2000
12.1000,2.2000,1.0000,aEM,0.009799873,23.1000,2.1000,11.0000,13.2000,0.2000
80.8500,7.7000,100.0000,0.1,0.0004954102012,231.0000,3.0000,77.0000,84.7000,0.1000
80.8500,7.7000,100.0000,aEM,0.00694107228539,231.0000,3.0000,77.0000,84.7000,0.1000
80.8500,7.7000,10.0000,0.1,0.0049543811392,231.0000,3.0000,77.0000,84.7000,0.1000
80.8500,7.7000,10.0000,aEM,0.0691343647261,231.0000,3.0000,77.0000,84.7000,0.1000
80.8500,7.7000,1.0000,0.1,0.04946554523,231.0000,3.0000,77.0000,84.7000,0.1000
80.8500,7.7000,1.0000,aEM,0.668227236666,231.0000,3.0000,77.0000,84.7000,0.1000
84.7000,15.4000,100.0000,0.1,1.540498708e-05,231.0000,3.0000,77.0000,92.4000,0.2000
84.7000,15.4000,100.0000,aEM,0.000216926117332,231.0000,3.0000,77.0000,92.4000,0.2000
84.7000,15.4000,10.0000,0.1,0.00015405197111,231.0000,3.0000,77.0000,92.4000,0.2000
84.7000,15.4000,10.0000,aEM,0.00216901317504,231.0000,3.0000,77.0000,92.4000,0.2000
84.7000,15.4000,1.0000,0.1,0.0015404677252,231.0000,3.0000,77.0000,92.4000,0.2000
84.7000,15.4000,1.0000,aEM,0.0216657219091,231.0000,3.0000,77.0000,92.4000,0.2000
81.9000,7.8000,100.0000,0.1,0.00047402185722,234.0000,3.0000,78.0000,85.8000,0.1000
81.9000,7.8000,100.0000,aEM,0.00666602519628,234.0000,3.0000,78.0000,85.8000,0.1000
81.9000,7.8000,10.0000,0.1,0.0047402656882,234.0000,3.0000,78.0000,85.8000,0.1000
81.9000,7.8000,10.0000,aEM,0.0664884836302,234.0000,3.0000,78.0000,85.8000,0.1000
81.9000,7.8000,1.0000,0.1,0.047418529036,234.0000,3.0000,78.0000,85.8000,0.1000
81.9000,7.8000,1.0000,aEM,0.641928004687,234.0000,3.0000,78.0000,85.8000,0.1000
85.8000,15.6000,100.0000,0.1,1.4814391168e-05,234.0000,3.0000,78.0000,93.6000,0.2000
85.8000,15.6000,100.0000,aEM,0.000208344433328,234.0000,3.0000,78.0000,93.6000,0.2000
85.8000,15.6000,10.0000,0.1,0.00014814392178,234.0000,3.0000,78.0000,93.6000,0.2000
85.8000,15.6000,10.0000,aEM,0.00208330833422,234.0000,3.0000,78.0000,93.6000,0.2000
85.8000,15.6000,1.0000,0.1,0.0014813251241,234.0000,3.0000,78.0000,93.6000,0.2000
85.8000,15.6000,1.0000,aEM,0.0208101734805,234.0000,3.0000,78.0000,93.6000,0.2000
82.9500,7.9000,100.0000,0.1,0.00045413016134,237.0000,3.0000,79.0000,86.9000,0.1000
82.9500,7.9000,100.0000,aEM,0.00638379349318,237.0000,3.0000,79.0000,86.9000,0.1000
82.9500,7.9000,10.0000,0.1,0.0045419857082,237.0000,3.0000,79.0000,86.9000,0.1000
82.9500,7.9000,10.0000,aEM,0.0635424464096,237.0000,3.0000,79.0000,86.9000,0.1000
82.9500,7.9000,1.0000,0.1,0.045434727747,237.0000,3.0000,79.0000,86.9000,0.1000
82.9500,7.9000,1.0000,aEM,0.615248613398,237.0000,3.0000,79.0000,86.9000,0.1000
86.9000,15.8000,100.0000,0.1,1.4174446667e-05,237.0000,3.0000,79.0000,94.8000,0.2000
86.9000,15.8000,100.0000,aEM,0.000199438186797,237.0000,3.0000,79.0000,94.8000,0.2000
86.9000,15.8000,10.0000,0.1,0.00014174735657,237.0000,3.0000,79.0000,94.8000,0.2000
86.9000,15.8000,10.0000,aEM,0.00199421786888,237.0000,3.0000,79.0000,94.8000,0.2000
86.9000,15.8000,1.0000,0.1,0.0014174559697,237.0000,3.0000,79.0000,94.8000,0.2000
86.9000,15.8000,1.0000,aEM,0.019923888819,237.0000,3.0000,79.0000,94.8000,0.2000
84.0000,8.0000,100.0000,0.1,0.00043514235347,240.0000,3.0000,80.0000,88.0000,0.1000
84.0000,8.0000,100.0000,aEM,0.0061271435452,240.0000,3.0000,80.0000,88.0000,0.1000
84.0000,8.0000,10.0000,0.1,0.0043496706395,240.0000,3.0000,80.0000,88.0000,0.1000
84.0000,8.0000,10.0000,aEM,0.0610867567404,240.0000,3.0000,80.0000,88.0000,0.1000
84.0000,8.0000,1.0000,0.1,0.043622715598,240.0000,3.0000,80.0000,88.0000,0.1000
84.0000,8.0000,1.0000,aEM,0.589983097901,240.0000,3.0000,80.0000,88.0000,0.1000
88.0000,16.0000,100.0000,0.1,1.3568239403e-05,240.0000,3.0000,80.0000,96.0000,0.2000
88.0000,16.0000,100.0000,aEM,0.000191372762413,240.0000,3.0000,80.0000,96.0000,0.2000
88.0000,16.0000,10.0000,0.1,0.00013567305263,240.0000,3.0000,80.0000,96.0000,0.2000
88.0000,16.0000,10.0000,aEM,0.00191354162465,240.0000,3.0000,80.0000,96.0000,0.2000
88.0000,16.0000,1.0000,0.1,0.0013567327293,240.0000,3.0000,80.0000,96.0000,0.2000
88.0000,16.0000,1.0000,aEM,0.0191147463614,240.0000,3.0000,80.0000,96.0000,0.2000
85.0500,8.1000,100.0000,0.1,0.00041772993466,243.0000,3.0000,81.0000,89.1000,0.1000
85.0500,8.1000,100.0000,aEM,0.00588250551839,243.0000,3.0000,81.0000,89.1000,0.1000
85.0500,8.1000,10.0000,0.1,0.004178704431,243.0000,3.0000,81.0000,89.1000,0.1000
85.0500,8.1000,10.0000,aEM,0.0586386663251,243.0000,3.0000,81.0000,89.1000,0.1000
85.0500,8.1000,1.0000,0.1,0.04181567256,243.0000,3.0000,81.0000,89.1000,0.1000
85.0500,8.1000,1.0000,aEM,0.568169178439,243.0000,3.0000,81.0000,89.1000,0.1000
89.1000,16.2000,100.0000,0.1,1.3059045346e-05,243.0000,3.0000,81.0000,97.2000,0.2000
89.1000,16.2000,100.0000,aEM,0.000183894138476,243.0000,3.0000,81.0000,97.2000,0.2000
89.1000,16.2000,10.0000,0.1,0.00013058945346,243.0000,3.0000,81.0000,97.2000,0.2000
89.1000,16.2000,10.0000,aEM,0.00183903738638,243.0000,3.0000,81.0000,97.2000,0.2000
89.1000,16.2000,1.0000,0.1,0.0013059566478,243.0000,3.0000,81.0000,97.2000,0.2000
89.1000,16.2000,1.0000,aEM,0.0183698939625,243.0000,3.0000,81.0000,97.2000,0.2000
86.1000,8.2000,100.0000,0.1,0.00040148118787,246.0000,3.0000,82.0000,90.2000,0.1000
86.1000,8.2000,100.0000,aEM,0.00563891554947,246.0000,3.0000,82.0000,90.2000,0.1000
86.1000,8.2000,10.0000,0.1,0.0040144099429,246.0000,3.0000,82.0000,90.2000,0.1000
86.1000,8.2000,10.0000,aEM,0.0561833765188,246.0000,3.0000,82.0000,90.2000,0.1000
86.1000,8.2000,1.0000,0.1,0.040188606915,246.0000,3.0000,82.0000,90.2000,0.1000
86.1000,8.2000,1.0000,aEM,0.544467268696,246.0000,3.0000,82.0000,90.2000,0.1000
90.2000,16.4000,100.0000,0.1,1.2490003622e-05,246.0000,3.0000,82.0000,98.4000,0.2000
90.2000,16.4000,100.0000,aEM,0.00017601017476,246.0000,3.0000,82.0000,98.4000,0.2000
90.2000,16.4000,10.0000,0.1,0.00012490124623,246.0000,3.0000,82.0000,98.4000,0.2000
90.2000,16.4000,10.0000,aEM,0.00176004974804,246.0000,3.0000,82.0000,98.4000,0.2000
90.2000,16.4000,1.0000,0.1,0.0012490537656,246.0000,3.0000,82.0000,98.4000,0.2000
90.2000,16.4000,1.0000,aEM,0.0175785275649,246.0000,3.0000,82.0000,98.4000,0.2000
87.1500,8.3000,100.0000,0.1,0.00038415973526,249.0000,3.0000,83.0000,91.3000,0.1000
87.1500,8.3000,100.0000,aEM,0.00539308500184,249.0000,3.0000,83.0000,91.3000,0.1000
87.1500,8.3000,10.0000,0.1,0.0038436794257,249.0000,3.0000,83.0000,91.3000,0.1000
87.1500,8.3000,10.0000,aEM,0.0537712009145,249.0000,3.0000,83.0000,91.3000,0.1000
87.1500,8.3000,1.0000,0.1,0.038435250798,249.0000,3.0000,83.0000,91.3000,0.1000
87.1500,8.3000,1.0000,aEM,0.521427400678,249.0000,3.0000,83.0000,91.3000,0.1000
91.3000,16.6000,100.0000,0.1,1.2015277675e-05,249.0000,3.0000,83.0000,99.6000,0.2000
91.3000,16.6000,100.0000,aEM,0.000168631461728,249.0000,3.0000,83.0000,99.6000,0.2000
91.3000,16.6000,10.0000,0.1,0.0001201562473,249.0000,3.0000,83.0000,99.6000,0.2000
91.3000,16.6000,10.0000,aEM,0.00168613761894,249.0000,3.0000,83.0000,99.6000,0.2000
91.3000,16.6000,1.0000,0.1,0.0012015832741,249.0000,3.0000,83.0000,99.6000,0.2000
91.3000,16.6000,1.0000,aEM,0.0168441962683,249.0000,3.0000,83.0000,99.6000,0.2000
8.4000,0.8000,100.0000,0.1,0.059123887,24.0000,3.0000,8.0000,8.8000,0.1000
8.4000,0.8000,100.0000,aEM,0.620995765,24.0000,3.0000,8.0000,8.8000,0.1000
8.4000,0.8000,10.0000,0.1,0.59143988,24.0000,3.0000,8.0000,8.8000,0.1000
8.4000,0.8000,10.0000,aEM,6.04210969,24.0000,3.0000,8.0000,8.8000,0.1000
8.4000,0.8000,1.0000,0.1,5.93745,24.0000,3.0000,8.0000,8.8000,0.1000
8.4000,0.8000,1.0000,aEM,48.61361,24.0000,3.0000,8.0000,8.8000,0.1000
8.8000,1.6000,100.0000,0.1,0.0018512032,24.0000,3.0000,8.0000,9.6000,0.2000
8.8000,1.6000,100.0000,aEM,0.0194571118,24.0000,3.0000,8.0000,9.6000,0.2000
8.8000,1.6000,10.0000,0.1,0.018512154,24.0000,3.0000,8.0000,9.6000,0.2000
8.8000,1.6000,10.0000,aEM,0.194390711,24.0000,3.0000,8.0000,9.6000,0.2000
8.8000,1.6000,1.0000,0.1,0.18514004,24.0000,3.0000,8.0000,9.6000,0.2000
8.8000,1.6000,1.0000,aEM,1.92913262,24.0000,3.0000,8.0000,9.6000,0.2000
12.6000,1.2000,100.0000,0.1,2.6841206486,25.2000,2.1000,12.0000,13.2000,0.1000
12.6000,1.2000,100.0000,aEM,0.2234535125,25.2000,2.1000,12.0000,13.2000,0.1000
12.6000,1.2000,10.0000,0.1,2.70484325,25.2000,2.1000,12.0000,13.2000,0.1000
12.6000,1.2000,10.0000,aEM,0.723555686,25.2000,2.1000,12.0000,13.2000,0.1000
12.6000,1.2000,1.0000,0.1,8.42509312,25.2000,2.1000,12.0000,13.2000,0.1000
12.6000,1.2000,1.0000,aEM,2.47875877,25.2000,2.1000,12.0000,13.2000,0.1000
13.2000,2.4000,100.0000,0.1,9.0687671e-05,25.2000,2.1000,12.0000,14.4000,0.2000
13.2000,2.4000,100.0000,aEM,9.0689494e-05,25.2000,2.1000,12.0000,14.4000,0.2000
13.2000,2.4000,10.0000,0.1,0.00090690816,25.2000,2.1000,12.0000,14.4000,0.2000
13.2000,2.4000,10.0000,aEM,0.00090694372,25.2000,2.1000,12.0000,14.4000,0.2000
13.2000,2.4000,1.0000,0.1,0.0090692659,25.2000,2.1000,12.0000,14.4000,0.2000
13.2000,2.4000,1.0000,aEM,0.0090735364,25.2000,2.1000,12.0000,14.4000,0.2000
88.2000,8.4000,100.0000,0.1,0.00036945267735,252.0000,3.0000,84.0000,92.4000,0.1000
88.2000,8.4000,100.0000,aEM,0.00517878921309,252.0000,3.0000,84.0000,92.4000,0.1000
88.2000,8.4000,10.0000,0.1,0.0036947908224,252.0000,3.0000,84.0000,92.4000,0.1000
88.2000,8.4000,10.0000,aEM,0.0516161029563,252.0000,3.0000,84.0000,92.4000,0.1000
88.2000,8.4000,1.0000,0.1,0.036942794111,252.0000,3.0000,84.0000,92.4000,0.1000
88.2000,8.4000,1.0000,aEM,0.500171811843,252.0000,3.0000,84.0000,92.4000,0.1000
92.4000,16.8000,100.0000,0.1,1.15225666093e-05,252.0000,3.0000,84.0000,100.8000,0.2000
92.4000,16.8000,100.0000,aEM,0.000161766064664,252.0000,3.0000,84.0000,100.8000,0.2000
92.4000,16.8000,10.0000,0.1,0.000115228806425,252.0000,3.0000,84.0000,100.8000,0.2000
92.4000,16.8000,10.0000,aEM,0.00161794864808,252.0000,3.0000,84.0000,100.8000,0.2000
92.4000,16.8000,1.0000,0.1,0.00115229936648,252.0000,3.0000,84.0000,100.8000,0.2000
92.4000,16.8000,1.0000,aEM,0.0161620765463,252.0000,3.0000,84.0000,100.8000,0.2000
89.2500,8.5000,100.0000,0.1,0.00035470361196,255.0000,3.0000,85.0000,93.5000,0.1000
89.2500,8.5000,100.0000,aEM,0.00499210890948,255.0000,3.0000,85.0000,93.5000,0.1000
89.2500,8.5000,10.0000,0.1,0.0035477151584,255.0000,3.0000,85.0000,93.5000,0.1000
89.2500,8.5000,10.0000,aEM,0.0497497598127,255.0000,3.0000,85.0000,93.5000,0.1000
89.2500,8.5000,1.0000,0.1,0.03545681684,255.0000,3.0000,85.0000,93.5000,0.1000
89.2500,8.5000,1.0000,aEM,0.482474970266,255.0000,3.0000,85.0000,93.5000,0.1000
93.5000,17.0000,100.0000,0.1,1.10564864205e-05,255.0000,3.0000,85.0000,102.0000,0.2000
93.5000,17.0000,100.0000,aEM,0.000155804519419,255.0000,3.0000,85.0000,102.0000,0.2000
93.5000,17.0000,10.0000,0.1,0.00011055863387,255.0000,3.0000,85.0000,102.0000,0.2000
93.5000,17.0000,10.0000,aEM,0.00155792519442,255.0000,3.0000,85.0000,102.0000,0.2000
93.5000,17.0000,1.0000,0.1,0.00110574664104,255.0000,3.0000,85.0000,102.0000,0.2000
93.5000,17.0000,1.0000,aEM,0.0155621020064,255.0000,3.0000,85.0000,102.0000,0.2000
90.3000,8.6000,100.0000,0.1,0.00034217743051,258.0000,3.0000,86.0000,94.6000,0.1000
90.3000,8.6000,100.0000,aEM,0.00478500926282,258.0000,3.0000,86.0000,94.6000,0.1000
90.3000,8.6000,10.0000,0.1,0.0034216703528,258.0000,3.0000,86.0000,94.6000,0.1000
90.3000,8.6000,10.0000,aEM,0.047705473274,258.0000,3.0000,86.0000,94.6000,0.1000
90.3000,8.6000,1.0000,0.1,0.034263268296,258.0000,3.0000,86.0000,94.6000,0.1000
90.3000,8.6000,1.0000,aEM,0.462328497524,258.0000,3.0000,86.0000,94.6000,0.1000
94.6000,17.2000,100.0000,0.1,1.06886919148e-05,258.0000,3.0000,86.0000,103.2000,0.2000
94.6000,17.2000,100.0000,aEM,0.000149441434956,258.0000,3.0000,86.0000,103.2000,0.2000
94.6000,17.2000,10.0000,0.1,0.000106886919148,258.0000,3.0000,86.0000,103.2000,0.2000
94.6000,17.2000,10.0000,aEM,0.00149428235008,258.0000,3.0000,86.0000,103.2000,0.2000
94.6000,17.2000,1.0000,0.1,0.00106886559672,258.0000,3.0000,86.0000,103.2000,0.2000
94.6000,17.2000,1.0000,aEM,0.0149363735578,258.0000,3.0000,86.0000,103.2000,0.2000
91.3500,8.7000,100.0000,0.1,0.00032807034159,261.0000,3.0000,87.0000,95.7000,0.1000
91.3500,8.7000,100.0000,aEM,0.0046144557548,261.0000,3.0000,87.0000,95.7000,0.1000
91.3500,8.7000,10.0000,0.1,0.0032803704536,261.0000,3.0000,87.0000,95.7000,0.1000
91.3500,8.7000,10.0000,aEM,0.0459679181224,261.0000,3.0000,87.0000,95.7000,0.1000
91.3500,8.7000,1.0000,0.1,0.032810818815,261.0000,3.0000,87.0000,95.7000,0.1000
91.3500,8.7000,1.0000,aEM,0.446359340109,261.0000,3.0000,87.0000,95.7000,0.1000
95.7000,17.4000,100.0000,0.1,1.02215485652e-05,261.0000,3.0000,87.0000,104.4000,0.2000
95.7000,17.4000,100.0000,aEM,0.000144148181564,261.0000,3.0000,87.0000,104.4000,0.2000
95.7000,17.4000,10.0000,0.1,0.000102211235028,261.0000,3.0000,87.0000,104.4000,0.2000
95.7000,17.4000,10.0000,aEM,0.00144131981586,261.0000,3.0000,87.0000,104.4000,0.2000
95.7000,17.4000,1.0000,0.1,0.00102154345451,261.0000,3.0000,87.0000,104.4000,0.2000
95.7000,17.4000,1.0000,aEM,0.0143979382092,261.0000,3.0000,87.0000,104.4000,0.2000
92.4000,8.8000,100.0000,0.1,0.00031557858692,264.0000,3.0000,88.0000,96.8000,0.1000
92.4000,8.8000,100.0000,aEM,0.00442658092901,264.0000,3.0000,88.0000,96.8000,0.1000
92.4000,8.8000,10.0000,0.1,0.0031564389069,264.0000,3.0000,88.0000,96.8000,0.1000
92.4000,8.8000,10.0000,aEM,0.0441205198006,264.0000,3.0000,88.0000,96.8000,0.1000
92.4000,8.8000,1.0000,0.1,0.031536942879,264.0000,3.0000,88.0000,96.8000,0.1000
92.4000,8.8000,1.0000,aEM,0.428956249592,264.0000,3.0000,88.0000,96.8000,0.1000
96.8000,17.6000,100.0000,0.1,9.8239218595e-06,264.0000,3.0000,88.0000,105.6000,0.2000
96.8000,17.6000,100.0000,aEM,0.00013834567888,264.0000,3.0000,88.0000,105.6000,0.2000
96.8000,17.6000,10.0000,0.1,9.8239208594e-05,264.0000,3.0000,88.0000,105.6000,0.2000
96.8000,17.6000,10.0000,aEM,0.00138335938942,264.0000,3.0000,88.0000,105.6000,0.2000
96.8000,17.6000,1.0000,0.1,0.00098239739008,264.0000,3.0000,88.0000,105.6000,0.2000
96.8000,17.6000,1.0000,aEM,0.0138184899384,264.0000,3.0000,88.0000,105.6000,0.2000
93.4500,8.9000,100.0000,0.1,0.00030375128719,267.0000,3.0000,89.0000,97.9000,0.1000
93.4500,8.9000,100.0000,aEM,0.00426603402027,267.0000,3.0000,89.0000,97.9000,0.1000
93.4500,8.9000,10.0000,0.1,0.0030375609096,267.0000,3.0000,89.0000,97.9000,0.1000
93.4500,8.9000,10.0000,aEM,0.0425395106693,267.0000,3.0000,89.0000,97.9000,0.1000
93.4500,8.9000,1.0000,0.1,0.03036184253,267.0000,3.0000,89.0000,97.9000,0.1000
93.4500,8.9000,1.0000,aEM,0.412914253951,267.0000,3.0000,89.0000,97.9000,0.1000
97.9000,17.8000,100.0000,0.1,9.4889957795e-06,267.0000,3.0000,89.0000,106.8000,0.2000
97.9000,17.8000,100.0000,aEM,0.000133271751832,267.0000,3.0000,89.0000,106.8000,0.2000
97.9000,17.8000,10.0000,0.1,9.4892498212e-05,267.0000,3.0000,89.0000,106.8000,0.2000
97.9000,17.8000,10.0000,aEM,0.00133177931884,267.0000,3.0000,89.0000,106.8000,0.2000
97.9000,17.8000,1.0000,0.1,0.00094821518427,267.0000,3.0000,89.0000,106.8000,0.2000
97.9000,17.8000,1.0000,aEM,0.0133140232285,267.0000,3.0000,89.0000,106.8000,0.2000
13.6500,1.3000,100.0000,0.1,2.6580892324,27.3000,2.1000,13.0000,14.3000,0.1000
13.6500,1.3000,100.0000,aEM,0.2135751821,27.3000,2.1000,13.0000,14.3000,0.1000
13.6500,1.3000,10.0000,0.1,2.678324466,27.3000,2.1000,13.0000,14.3000,0.1000
13.6500,1.3000,10.0000,aEM,0.688555128,27.3000,2.1000,13.0000,14.3000,0.1000
13.6500,1.3000,1.0000,0.1,8.0232933,27.3000,2.1000,13.0000,14.3000,0.1000
13.6500,1.3000,1.0000,aEM,2.35610366,27.3000,2.1000,13.0000,14.3000,0.1000
14.3000,2.6000,100.0000,0.1,8.5423417e-05,27.3000,2.1000,13.0000,15.6000,0.2000
14.3000,2.6000,100.0000,aEM,8.5421905e-05,27.3000,2.1000,13.0000,15.6000,0.2000
14.3000,2.6000,10.0000,0.1,0.00085421695,27.3000,2.1000,13.0000,15.6000,0.2000
14.3000,2.6000,10.0000,aEM,0.00085426371,27.3000,2.1000,13.0000,15.6000,0.2000
14.3000,2.6000,1.0000,0.1,0.0085423949,27.3000,2.1000,13.0000,15.6000,0.2000
14.3000,2.6000,1.0000,aEM,0.0085461222,27.3000,2.1000,13.0000,15.6000,0.2000
94.5000,9.0000,100.0000,0.1,0.00029279024332,270.0000,3.0000,90.0000,99.0000,0.1000
94.5000,9.0000,100.0000,aEM,0.00411064372769,270.0000,3.0000,90.0000,99.0000,0.1000
94.5000,9.0000,10.0000,0.1,0.0029279254666,270.0000,3.0000,90.0000,99.0000,0.1000
94.5000,9.0000,10.0000,aEM,0.0409764776876,270.0000,3.0000,90.0000,99.0000,0.1000
94.5000,9.0000,1.0000,0.1,0.029316517695,270.0000,3.0000,90.0000,99.0000,0.1000
94.5000,9.0000,1.0000,aEM,0.398137418596,270.0000,3.0000,90.0000,99.0000,0.1000
99.0000,18.0000,100.0000,0.1,9.1284971456e-06,270.0000,3.0000,90.0000,108.0000,0.2000
99.0000,18.0000,100.0000,aEM,0.000128330742145,270.0000,3.0000,90.0000,108.0000,0.2000
99.0000,18.0000,10.0000,0.1,9.1284951455e-05,270.0000,3.0000,90.0000,108.0000,0.2000
99.0000,18.0000,10.0000,aEM,0.00128320372197,270.0000,3.0000,90.0000,108.0000,0.2000
99.0000,18.0000,1.0000,0.1,0.00091286181568,270.0000,3.0000,90.0000,108.0000,0.2000
99.0000,18.0000,1.0000,aEM,0.0128268162555,270.0000,3.0000,90.0000,108.0000,0.2000
95.5500,9.1000,100.0000,0.1,0.00028192770238,273.0000,3.0000,91.0000,100.1000,0.1000
95.5500,9.1000,100.0000,aEM,0.00395797035074,273.0000,3.0000,91.0000,100.1000,0.1000
95.5500,9.1000,10.0000,0.1,0.0028180420582,273.0000,3.0000,91.0000,100.1000,0.1000
95.5500,9.1000,10.0000,aEM,0.0394466638894,273.0000,3.0000,91.0000,100.1000,0.1000
95.5500,9.1000,1.0000,0.1,0.028208183266,273.0000,3.0000,91.0000,100.1000,0.1000
95.5500,9.1000,1.0000,aEM,0.383970077057,273.0000,3.0000,91.0000,100.1000,0.1000
100.1000,18.2000,100.0000,0.1,8.7670061783e-06,273.0000,3.0000,91.0000,109.2000,0.2000
100.1000,18.2000,100.0000,aEM,0.000123467731198,273.0000,3.0000,91.0000,109.2000,0.2000
100.1000,18.2000,10.0000,0.1,8.766884157e-05,273.0000,3.0000,91.0000,109.2000,0.2000
100.1000,18.2000,10.0000,aEM,0.0012345801121,273.0000,3.0000,91.0000,109.2000,0.2000
100.1000,18.2000,1.0000,0.1,0.00087740801886,273.0000,3.0000,91.0000,109.2000,0.2000
100.1000,18.2000,1.0000,aEM,0.0123389481546,273.0000,3.0000,91.0000,109.2000,0.2000
96.6000,9.2000,100.0000,0.1,0.00027138696471,276.0000,3.0000,92.0000,101.2000,0.1000
96.6000,9.2000,100.0000,aEM,0.00381719267687,276.0000,3.0000,92.0000,101.2000,0.1000
96.6000,9.2000,10.0000,0.1,0.0027141526695,276.0000,3.0000,92.0000,101.2000,0.1000
96.6000,9.2000,10.0000,aEM,0.0380242071032,276.0000,3.0000,92.0000,101.2000,0.1000
96.6000,9.2000,1.0000,0.1,0.027132489165,276.0000,3.0000,92.0000,101.2000,0.1000
96.6000,9.2000,1.0000,aEM,0.369748605419,276.0000,3.0000,92.0000,101.2000,0.1000
101.2000,18.4000,100.0000,0.1,8.459669481e-06,276.0000,3.0000,92.0000,110.4000,0.2000
101.2000,18.4000,100.0000,aEM,0.000119526148471,276.0000,3.0000,92.0000,110.4000,0.2000
101.2000,18.4000,10.0000,0.1,8.4693554495e-05,276.0000,3.0000,92.0000,110.4000,0.2000
101.2000,18.4000,10.0000,aEM,0.00119522318512,276.0000,3.0000,92.0000,110.4000,0.2000
101.2000,18.4000,1.0000,0.1,0.0008469990491,276.0000,3.0000,92.0000,110.4000,0.2000
101.2000,18.4000,1.0000,aEM,0.0119429968807,276.0000,3.0000,92.0000,110.4000,0.2000
97.6500,9.3000,100.0000,0.1,0.00026116450605,279.0000,3.0000,93.0000,102.3000,0.1000
97.6500,9.3000,100.0000,aEM,0.00367895790999,279.0000,3.0000,93.0000,102.3000,0.1000
97.6500,9.3000,10.0000,0.1,0.0026114070918,279.0000,3.0000,93.0000,102.3000,0.1000
97.6500,9.3000,10.0000,aEM,0.0366692394168,279.0000,3.0000,93.0000,102.3000,0.1000
97.6500,9.3000,1.0000,0.1,0.026125333063,279.0000,3.0000,93.0000,102.3000,0.1000
97.6500,9.3000,1.0000,aEM,0.356813825641,279.0000,3.0000,93.0000,102.3000,0.1000
102.3000,18.6000,100.0000,0.1,8.1554087674e-06,279.0000,3.0000,93.0000,111.6000,0.2000
102.3000,18.6000,100.0000,aEM,0.000114943379802,279.0000,3.0000,93.0000,111.6000,0.2000
102.3000,18.6000,10.0000,0.1,8.1555317797e-05,279.0000,3.0000,93.0000,111.6000,0.2000
102.3000,18.6000,10.0000,aEM,0.00114931519825,279.0000,3.0000,93.0000,111.6000,0.2000
102.3000,18.6000,1.0000,0.1,0.00081499438019,279.0000,3.0000,93.0000,111.6000,0.2000
102.3000,18.6000,1.0000,aEM,0.0114833230095,279.0000,3.0000,93.0000,111.6000,0.2000
9.4500,0.9000,100.0000,0.1,0.052867957,27.0000,3.0000,9.0000,9.9000,0.1000
9.4500,0.9000,100.0000,aEM,0.551866363,27.0000,3.0000,9.0000,9.9000,0.1000
9.4500,0.9000,10.0000,0.1,0.52911318,27.0000,3.0000,9.0000,9.9000,0.1000
9.4500,0.9000,10.0000,aEM,5.39127427,27.0000,3.0000,9.0000,9.9000,0.1000
9.4500,0.9000,1.0000,0.1,5.3059775,27.0000,3.0000,9.0000,9.9000,0.1000
9.4500,0.9000,1.0000,aEM,44.1153891,27.0000,3.0000,9.0000,9.9000,0.1000
9.9000,1.8000,100.0000,0.1,0.0016519629,27.0000,3.0000,9.0000,10.8000,0.2000
9.9000,1.8000,100.0000,aEM,0.0172724375,27.0000,3.0000,9.0000,10.8000,0.2000
9.9000,1.8000,10.0000,0.1,0.01651958,27.0000,3.0000,9.0000,10.8000,0.2000
9.9000,1.8000,10.0000,aEM,0.172746302,27.0000,3.0000,9.0000,10.8000,0.2000
9.9000,1.8000,1.0000,0.1,0.1652092,27.0000,3.0000,9.0000,10.8000,0.2000
9.9000,1.8000,1.0000,aEM,1.71211284,27.0000,3.0000,9.0000,10.8000,0.2000
98.7000,9.4000,100.0000,0.1,0.00025211496041,282.0000,3.0000,94.0000,103.4000,0.1000
98.7000,9.4000,100.0000,aEM,0.00354071032295,282.0000,3.0000,94.0000,103.4000,0.1000
98.7000,9.4000,10.0000,0.1,0.0025209016234,282.0000,3.0000,94.0000,103.4000,0.1000
98.7000,9.4000,10.0000,aEM,0.0353043035109,282.0000,3.0000,94.0000,103.4000,0.1000
98.7000,9.4000,1.0000,0.1,0.025214618265,282.0000,3.0000,94.0000,103.4000,0.1000
98.7000,9.4000,1.0000,aEM,0.34291906304,282.0000,3.0000,94.0000,103.4000,0.1000
103.4000,18.8000,100.0000,0.1,7.8565171904e-06,282.0000,3.0000,94.0000,112.8000,0.2000
103.4000,18.8000,100.0000,aEM,0.000110405062352,282.0000,3.0000,94.0000,112.8000,0.2000
103.4000,18.8000,10.0000,0.1,7.8565171914e-05,282.0000,3.0000,94.0000,112.8000,0.2000
103.4000,18.8000,10.0000,aEM,0.00110398442367,282.0000,3.0000,94.0000,112.8000,0.2000
103.4000,18.8000,1.0000,0.1,0.00078565312136,282.0000,3.0000,94.0000,112.8000,0.2000
103.4000,18.8000,1.0000,aEM,0.0110321202623,282.0000,3.0000,94.0000,112.8000,0.2000
99.7500,9.5000,100.0000,0.1,0.0002431457748,285.0000,3.0000,95.0000,104.5000,0.1000
99.7500,9.5000,100.0000,aEM,0.00341501684745,285.0000,3.0000,95.0000,104.5000,0.1000
99.7500,9.5000,10.0000,0.1,0.002432487768,285.0000,3.0000,95.0000,104.5000,0.1000
99.7500,9.5000,10.0000,aEM,0.0340610087249,285.0000,3.0000,95.0000,104.5000,0.1000
99.7500,9.5000,1.0000,0.1,0.02434583953,285.0000,3.0000,95.0000,104.5000,0.1000
99.7500,9.5000,1.0000,aEM,0.331627112672,285.0000,3.0000,95.0000,104.5000,0.1000
104.5000,19.0000,100.0000,0.1,7.5810657154e-06,285.0000,3.0000,95.0000,114.0000,0.2000
104.5000,19.0000,100.0000,aEM,0.000106775113751,285.0000,3.0000,95.0000,114.0000,0.2000
104.5000,19.0000,10.0000,0.1,7.5813917487e-05,285.0000,3.0000,95.0000,114.0000,0.2000
104.5000,19.0000,10.0000,aEM,0.00106765363794,285.0000,3.0000,95.0000,114.0000,0.2000
104.5000,19.0000,1.0000,0.1,0.00075811807631,285.0000,3.0000,95.0000,114.0000,0.2000
104.5000,19.0000,1.0000,aEM,0.0106842844008,285.0000,3.0000,95.0000,114.0000,0.2000
100.8000,9.6000,100.0000,0.1,0.0002338417189,288.0000,3.0000,96.0000,105.6000,0.1000
100.8000,9.6000,100.0000,aEM,0.00328691459731,288.0000,3.0000,96.0000,105.6000,0.1000
100.8000,9.6000,10.0000,0.1,0.0023382842078,288.0000,3.0000,96.0000,105.6000,0.1000
100.8000,9.6000,10.0000,aEM,0.0327763262004,288.0000,3.0000,96.0000,105.6000,0.1000
100.8000,9.6000,1.0000,0.1,0.023416303728,288.0000,3.0000,96.0000,105.6000,0.1000
100.8000,9.6000,1.0000,aEM,0.31872818523,288.0000,3.0000,96.0000,105.6000,0.1000
105.6000,19.2000,100.0000,0.1,7.2791594027e-06,288.0000,3.0000,96.0000,115.2000,0.2000
105.6000,19.2000,100.0000,aEM,0.000102792955437,288.0000,3.0000,96.0000,115.2000,0.2000
105.6000,19.2000,10.0000,0.1,7.2792924149e-05,288.0000,3.0000,96.0000,115.2000,0.2000
105.6000,19.2000,10.0000,aEM,0.00102782325449,288.0000,3.0000,96.0000,115.2000,0.2000
105.6000,19.2000,1.0000,0.1,0.00072766064371,288.0000,3.0000,96.0000,115.2000,0.2000
105.6000,19.2000,1.0000,aEM,0.0102697335659,288.0000,3.0000,96.0000,115.2000,0.2000
14.7000,1.4000,100.0000,0.1,2.6261118433,29.4000,2.1000,14.0000,15.4000,0.1000
14.7000,1.4000,100.0000,aEM,0.2038662517,29.4000,2.1000,14.0000,15.4000,0.1000
14.7000,1.4000,10.0000,0.1,2.644493363,29.4000,2.1000,14.0000,15.4000,0.1000
14.7000,1.4000,10.0000,aEM,0.660373376,29.4000,2.1000,14.0000,15.4000,0.1000
14.7000,1.4000,1.0000,0.1,7.69747654,29.4000,2.1000,14.0000,15.4000,0.1000
14.7000,1.4000,1.0000,aEM,2.25160553,29.4000,2.1000,14.0000,15.4000,0.1000
15.4000,2.8000,100.0000,0.1,8.1010981e-05,29.4000,2.1000,14.0000,16.8000,0.2000
15.4000,2.8000,100.0000,aEM,8.1008771e-05,29.4000,2.1000,14.0000,16.8000,0.2000
15.4000,2.8000,10.0000,0.1,0.0008100877,29.4000,2.1000,14.0000,16.8000,0.2000
15.4000,2.8000,10.0000,aEM,0.00081013005,29.4000,2.1000,14.0000,16.8000,0.2000
15.4000,2.8000,1.0000,0.1,0.0081011494,29.4000,2.1000,14.0000,16.8000,0.2000
15.4000,2.8000,1.0000,aEM,0.0081043899,29.4000,2.1000,14.0000,16.8000,0.2000
101.8500,9.7000,100.0000,0.1,0.00022608938807,291.0000,3.0000,97.0000,106.7000,0.1000
101.8500,9.7000,100.0000,aEM,0.00318833127909,291.0000,3.0000,97.0000,106.7000,0.1000
101.8500,9.7000,10.0000,0.1,0.0022627098883,291.0000,3.0000,97.0000,106.7000,0.1000
101.8500,9.7000,10.0000,aEM,0.031800783008,291.0000,3.0000,97.0000,106.7000,0.1000
101.8500,9.7000,1.0000,0.1,0.022642220479,291.0000,3.0000,97.0000,106.7000,0.1000
101.8500,9.7000,1.0000,aEM,0.309712351023,291.0000,3.0000,97.0000,106.7000,0.1000
106.7000,19.4000,100.0000,0.1,7.0737320641e-06,291.0000,3.0000,97.0000,116.4000,0.2000
106.7000,19.4000,100.0000,aEM,9.96104430418e-05,291.0000,3.0000,97.0000,116.4000,0.2000
106.7000,19.4000,10.0000,0.1,7.0733850307e-05,291.0000,3.0000,97.0000,116.4000,0.2000
106.7000,19.4000,10.0000,aEM,0.000996023930651,291.0000,3.0000,97.0000,116.4000,0.2000
106.7000,19.4000,1.0000,0.1,0.0007067808064,291.0000,3.0000,97.0000,116.4000,0.2000
106.7000,19.4000,1.0000,aEM,0.0099447923252,291.0000,3.0000,97.0000,116.4000,0.2000
102.9000,9.8000,100.0000,0.1,0.00021790224367,294.0000,3.0000,98.0000,107.8000,0.1000
102.9000,9.8000,100.0000,aEM,0.00306825811368,294.0000,3.0000,98.0000,107.8000,0.1000
102.9000,9.8000,10.0000,0.1,0.0021788154544,294.0000,3.0000,98.0000,107.8000,0.1000
102.9000,9.8000,10.0000,aEM,0.0305807613219,294.0000,3.0000,98.0000,107.8000,0.1000
102.9000,9.8000,1.0000,0.1,0.021756795842,294.0000,3.0000,98.0000,107.8000,0.1000
102.9000,9.8000,1.0000,aEM,0.298385632068,294.0000,3.0000,98.0000,107.8000,0.1000
107.8000,19.6000,100.0000,0.1,6.8217607291e-06,294.0000,3.0000,98.0000,117.6000,0.2000
107.8000,19.6000,100.0000,aEM,9.58619987291e-05,294.0000,3.0000,98.0000,117.6000,0.2000
107.8000,19.6000,10.0000,0.1,6.8217607291e-05,294.0000,3.0000,98.0000,117.6000,0.2000
107.8000,19.6000,10.0000,aEM,0.000958867287425,294.0000,3.0000,98.0000,117.6000,0.2000
107.8000,19.6000,1.0000,0.1,0.00068225937403,294.0000,3.0000,98.0000,117.6000,0.2000
107.8000,19.6000,1.0000,aEM,0.0095843588907,294.0000,3.0000,98.0000,117.6000,0.2000
103.9500,9.9000,100.0000,0.1,0.000211455651896,297.0000,3.0000,99.0000,108.9000,0.1000
103.9500,9.9000,100.0000,aEM,0.00296445542158,297.0000,3.0000,99.0000,108.9000,0.1000
103.9500,9.9000,10.0000,0.1,0.00211523953046,297.0000,3.0000,99.0000,108.9000,0.1000
103.9500,9.9000,10.0000,aEM,0.0295641243871,297.0000,3.0000,99.0000,108.9000,0.1000
103.9500,9.9000,1.0000,0.1,0.0211840065552,297.0000,3.0000,99.0000,108.9000,0.1000
103.9500,9.9000,1.0000,aEM,0.288018861146,297.0000,3.0000,99.0000,108.9000,0.1000
108.9000,19.8000,100.0000,0.1,6.5928781957e-06,297.0000,3.0000,99.0000,118.8000,0.2000
108.9000,19.8000,100.0000,aEM,9.28006281967e-05,297.0000,3.0000,99.0000,118.8000,0.2000
108.9000,19.8000,10.0000,0.1,6.5927671957e-05,297.0000,3.0000,99.0000,118.8000,0.2000
108.9000,19.8000,10.0000,aEM,0.000927953382079,297.0000,3.0000,99.0000,118.8000,0.2000
108.9000,19.8000,1.0000,0.1,0.00065928791968,297.0000,3.0000,99.0000,118.8000,0.2000
108.9000,19.8000,1.0000,aEM,0.00927048583602,297.0000,3.0000,99.0000,118.8000,0.2000
105.0000,10.0000,100.0000,0.1,0.000203296821898,300.0000,3.0000,100.0000,110.0000,0.1000
105.0000,10.0000,100.0000,aEM,0.00284982582367,300.0000,3.0000,100.0000,110.0000,0.1000
105.0000,10.0000,10.0000,0.1,0.0020329552315,300.0000,3.0000,100.0000,110.0000,0.1000
105.0000,10.0000,10.0000,aEM,0.0284388683933,300.0000,3.0000,100.0000,110.0000,0.1000
105.0000,10.0000,1.0000,0.1,0.0203376334497,300.0000,3.0000,100.0000,110.0000,0.1000
105.0000,10.0000,1.0000,aEM,0.277338399693,300.0000,3.0000,100.0000,110.0000,0.1000
110.0000,20.0000,100.0000,0.1,6.3483829542e-06,300.0000,3.0000,100.0000,120.0000,0.2000
110.0000,20.0000,100.0000,aEM,8.93551309531e-05,300.0000,3.0000,100.0000,120.0000,0.2000
110.0000,20.0000,10.0000,0.1,6.348149943e-05,300.0000,3.0000,100.0000,120.0000,0.2000
110.0000,20.0000,10.0000,aEM,0.000893541909663,300.0000,3.0000,100.0000,120.0000,0.2000
110.0000,20.0000,1.0000,0.1,0.00063474749552,300.0000,3.0000,100.0000,120.0000,0.2000
110.0000,20.0000,1.0000,aEM,0.00892400311055,300.0000,3.0000,100.0000,120.0000,0.2000
10.5000,1.0000,100.0000,0.1,0.048063316,30.0000,3.0000,10.0000,11.0000,0.1000
10.5000,1.0000,100.0000,aEM,0.496527114,30.0000,3.0000,10.0000,11.0000,0.1000
10.5000,1.0000,10.0000,0.1,0.4808438,30.0000,3.0000,10.0000,11.0000,0.1000
10.5000,1.0000,10.0000,aEM,4.85983892,30.0000,3.0000,10.0000,11.0000,0.1000
10.5000,1.0000,1.0000,0.1,4.8204675,30.0000,3.0000,10.0000,11.0000,0.1000
10.5000,1.0000,1.0000,aEM,40.3011609,30.0000,3.0000,10.0000,11.0000,0.1000
11.0000,2.0000,100.0000,0.1,0.0015024654,30.0000,3.0000,10.0000,12.0000,0.2000
11.0000,2.0000,100.0000,aEM,0.0155520366,30.0000,3.0000,10.0000,12.0000,0.2000
11.0000,2.0000,10.0000,0.1,0.015024838,30.0000,3.0000,10.0000,12.0000,0.2000
11.0000,2.0000,10.0000,aEM,0.155409249,30.0000,3.0000,10.0000,12.0000,0.2000
11.0000,2.0000,1.0000,0.1,0.15025918,30.0000,3.0000,10.0000,12.0000,0.2000
11.0000,2.0000,1.0000,aEM,1.54306296,30.0000,3.0000,10.0000,12.0000,0.2000
15.7500,1.5000,100.0000,0.1,2.5930704535,31.5000,2.1000,15.0000,16.5000,0.1000
15.7500,1.5000,100.0000,aEM,0.1956311399,31.5000,2.1000,15.0000,16.5000,0.1000
15.7500,1.5000,10.0000,0.1,2.611492255,31.5000,2.1000,15.0000,16.5000,0.1000
15.7500,1.5000,10.0000,aEM,0.633028285,31.5000,2.1000,15.0000,16.5000,0.1000
15.7500,1.5000,1.0000,0.1,7.37535806,31.5000,2.1000,15.0000,16.5000,0.1000
15.7500,1.5000,1.0000,aEM,2.15839776,31.5000,2.1000,15.0000,16.5000,0.1000
16.5000,3.0000,100.0000,0.1,7.7363753e-05,31.5000,2.1000,15.0000,18.0000,0.2000
16.5000,3.0000,100.0000,aEM,7.7362411e-05,31.5000,2.1000,15.0000,18.0000,0.2000
16.5000,3.0000,10.0000,0.1,0.00077363753,31.5000,2.1000,15.0000,18.0000,0.2000
16.5000,3.0000,10.0000,aEM,0.00077366655,31.5000,2.1000,15.0000,18.0000,0.2000
16.5000,3.0000,1.0000,0.1,0.0077364215,31.5000,2.1000,15.0000,18.0000,0.2000
16.5000,3.0000,1.0000,aEM,0.0077393974,31.5000,2.1000,15.0000,18.0000,0.2000
16.8000,1.6000,100.0000,0.1,2.5618581672,33.6000,2.1000,16.0000,17.6000,0.1000
16.8000,1.6000,100.0000,aEM,0.1886769236,33.6000,2.1000,16.0000,17.6000,0.1000
16.8000,1.6000,10.0000,0.1,2.577933492,33.6000,2.1000,16.0000,17.6000,0.1000
16.8000,1.6000,10.0000,aEM,0.60962129,33.6000,2.1000,16.0000,17.6000,0.1000
16.8000,1.6000,1.0000,0.1,7.09951845,33.6000,2.1000,16.0000,17.6000,0.1000
16.8000,1.6000,1.0000,aEM,2.07763457,33.6000,2.1000,16.0000,17.6000,0.1000
17.6000,3.2000,100.0000,0.1,7.4228431e-05,33.6000,2.1000,16.0000,19.2000,0.2000
17.6000,3.2000,100.0000,aEM,7.4228531e-05,33.6000,2.1000,16.0000,19.2000,0.2000
17.6000,3.2000,10.0000,0.1,0.00074228532,33.6000,2.1000,16.0000,19.2000,0.2000
17.6000,3.2000,10.0000,aEM,0.00074230475,33.6000,2.1000,16.0000,19.2000,0.2000
17.6000,3.2000,1.0000,0.1,0.0074230034,33.6000,2.1000,16.0000,19.2000,0.2000
17.6000,3.2000,1.0000,aEM,0.0074255678,33.6000,2.1000,16.0000,19.2000,0.2000
11.5500,1.1000,100.0000,0.1,0.043997486,33.0000,3.0000,11.0000,12.1000,0.1000
11.5500,1.1000,100.0000,aEM,0.44842798,33.0000,3.0000,11.0000,12.1000,0.1000
11.5500,1.1000,10.0000,0.1,0.44007256,33.0000,3.0000,11.0000,12.1000,0.1000
11.5500,1.1000,10.0000,aEM,4.39523157,33.0000,3.0000,11.0000,12.1000,0.1000
11.5500,1.1000,1.0000,0.1,4.41169,33.0000,3.0000,11.0000,12.1000,0.1000
11.5500,1.1000,1.0000,aEM,37.0729944,33.0000,3.0000,11.0000,12.1000,0.1000
12.1000,2.2000,100.0000,0.1,0.00137283029,33.0000,3.0000,11.0000,13.2000,0.2000
12.1000,2.2000,100.0000,aEM,0.0140936228,33.0000,3.0000,11.0000,13.2000,0.2000
12.1000,2.2000,10.0000,0.1,0.0137285053,33.0000,3.0000,11.0000,13.2000,0.2000
12.1000,2.2000,10.0000,aEM,0.1406005781,33.0000,3.0000,11.0000,13.2000,0.2000
12.1000,2.2000,1.0000,0.1,0.137291333,33.0000,3.0000,11.0000,13.2000,0.2000
12.1000,2.2000,1.0000,aEM,1.396661116,33.0000,3.0000,11.0000,13.2000,0.2000
17.8500,1.7000,100.0000,0.1,2.5355590945,35.7000,2.1000,17.0000,18.7000,0.1000
17.8500,1.7000,100.0000,aEM,0.1867318785,35.7000,2.1000,17.0000,18.7000,0.1000
17.8500,1.7000,10.0000,0.1,2.552128143,35.7000,2.1000,17.0000,18.7000,0.1000
17.8500,1.7000,10.0000,aEM,0.588330021,35.7000,2.1000,17.0000,18.7000,0.1000
17.8500,1.7000,1.0000,0.1,6.84864719,35.7000,2.1000,17.0000,18.7000,0.1000
17.8500,1.7000,1.0000,aEM,2.00621317,35.7000,2.1000,17.0000,18.7000,0.1000
18.7000,3.4000,100.0000,0.1,7.2047045e-05,35.7000,2.1000,17.0000,20.4000,0.2000
18.7000,3.4000,100.0000,aEM,7.2049617e-05,35.7000,2.1000,17.0000,20.4000,0.2000
18.7000,3.4000,10.0000,0.1,0.00072049858,35.7000,2.1000,17.0000,20.4000,0.2000
18.7000,3.4000,10.0000,aEM,0.0007205164,35.7000,2.1000,17.0000,20.4000,0.2000
18.7000,3.4000,1.0000,0.1,0.0072051409,35.7000,2.1000,17.0000,20.4000,0.2000
18.7000,3.4000,1.0000,aEM,0.0072074809,35.7000,2.1000,17.0000,20.4000,0.2000
12.6000,1.2000,100.0000,0.1,0.040915926,36.0000,3.0000,12.0000,13.2000,0.1000
12.6000,1.2000,100.0000,aEM,0.41232479,36.0000,3.0000,12.0000,13.2000,0.1000
12.6000,1.2000,10.0000,0.1,0.4089345,36.0000,3.0000,12.0000,13.2000,0.1000
12.6000,1.2000,10.0000,aEM,4.05080425,36.0000,3.0000,12.0000,13.2000,0.1000
12.6000,1.2000,1.0000,0.1,4.1007763,36.0000,3.0000,12.0000,13.2000,0.1000
12.6000,1.2000,1.0000,aEM,34.3502816,36.0000,3.0000,12.0000,13.2000,0.1000
13.2000,2.4000,100.0000,0.1,0.00127787639,36.0000,3.0000,12.0000,14.4000,0.2000
13.2000,2.4000,100.0000,aEM,0.01291446082,36.0000,3.0000,12.0000,14.4000,0.2000
13.2000,2.4000,10.0000,0.1,0.0127789474,36.0000,3.0000,12.0000,14.4000,0.2000
13.2000,2.4000,10.0000,aEM,0.1290650169,36.0000,3.0000,12.0000,14.4000,0.2000
13.2000,2.4000,1.0000,0.1,0.1277537,36.0000,3.0000,12.0000,14.4000,0.2000
13.2000,2.4000,1.0000,aEM,1.282258383,36.0000,3.0000,12.0000,14.4000,0.2000
18.9000,1.8000,100.0000,0.1,2.5077312479,37.8000,2.1000,18.0000,19.8000,0.1000
18.9000,1.8000,100.0000,aEM,0.1848389219,37.8000,2.1000,18.0000,19.8000,0.1000
18.9000,1.8000,10.0000,0.1,2.527473877,37.8000,2.1000,18.0000,19.8000,0.1000
18.9000,1.8000,10.0000,aEM,0.568753348,37.8000,2.1000,18.0000,19.8000,0.1000
18.9000,1.8000,1.0000,0.1,6.63668778,37.8000,2.1000,18.0000,19.8000,0.1000
18.9000,1.8000,1.0000,aEM,1.94789979,37.8000,2.1000,18.0000,19.8000,0.1000
19.8000,3.6000,100.0000,0.1,7.0093563e-05,37.8000,2.1000,18.0000,21.6000,0.2000
19.8000,3.6000,100.0000,aEM,7.0093311e-05,37.8000,2.1000,18.0000,21.6000,0.2000
19.8000,3.6000,10.0000,0.1,0.00070093191,37.8000,2.1000,18.0000,21.6000,0.2000
19.8000,3.6000,10.0000,aEM,0.00070093663,37.8000,2.1000,18.0000,21.6000,0.2000
19.8000,3.6000,1.0000,0.1,0.0070093563,37.8000,2.1000,18.0000,21.6000,0.2000
19.8000,3.6000,1.0000,aEM,0.0070115339,37.8000,2.1000,18.0000,21.6000,0.2000
19.9500,1.9000,100.0000,0.1,2.4617752065,39.9000,2.1000,19.0000,20.9000,0.1000
19.9500,1.9000,100.0000,aEM,0.1814782084,39.9000,2.1000,19.0000,20.9000,0.1000
19.9500,1.9000,10.0000,0.1,2.479632251,39.9000,2.1000,19.0000,20.9000,0.1000
19.9500,1.9000,10.0000,aEM,0.549818825,39.9000,2.1000,19.0000,20.9000,0.1000
19.9500,1.9000,1.0000,0.1,6.40843277,39.9000,2.1000,19.0000,20.9000,0.1000
19.9500,1.9000,1.0000,aEM,1.87304715,39.9000,2.1000,19.0000,20.9000,0.1000
20.9000,3.8000,100.0000,0.1,6.8703381e-05,39.9000,2.1000,19.0000,22.8000,0.2000
20.9000,3.8000,100.0000,aEM,6.8701941e-05,39.9000,2.1000,19.0000,22.8000,0.2000
20.9000,3.8000,10.0000,0.1,0.00068702351,39.9000,2.1000,19.0000,22.8000,0.2000
20.9000,3.8000,10.0000,aEM,0.00068704353,39.9000,2.1000,19.0000,22.8000,0.2000
20.9000,3.8000,1.0000,0.1,0.0068703593,39.9000,2.1000,19.0000,22.8000,0.2000
20.9000,3.8000,1.0000,aEM,0.0068723095,39.9000,2.1000,19.0000,22.8000,0.2000
13.6500,1.3000,100.0000,0.1,0.038334172,39.0000,3.0000,13.0000,14.3000,0.1000
13.6500,1.3000,100.0000,aEM,0.381354636,39.0000,3.0000,13.0000,14.3000,0.1000
13.6500,1.3000,10.0000,0.1,0.38338896,39.0000,3.0000,13.0000,14.3000,0.1000
13.6500,1.3000,10.0000,aEM,3.7457586,39.0000,3.0000,13.0000,14.3000,0.1000
13.6500,1.3000,1.0000,0.1,3.8421469,39.0000,3.0000,13.0000,14.3000,0.1000
13.6500,1.3000,1.0000,aEM,32.0607203,39.0000,3.0000,13.0000,14.3000,0.1000
14.3000,2.6000,100.0000,0.1,0.00119656858,39.0000,3.0000,13.0000,15.6000,0.2000
14.3000,2.6000,100.0000,aEM,0.01193554389,39.0000,3.0000,13.0000,15.6000,0.2000
14.3000,2.6000,10.0000,0.1,0.0119657384,39.0000,3.0000,13.0000,15.6000,0.2000
14.3000,2.6000,10.0000,aEM,0.1192849751,39.0000,3.0000,13.0000,15.6000,0.2000
14.3000,2.6000,1.0000,0.1,0.119702496,39.0000,3.0000,13.0000,15.6000,0.2000
14.3000,2.6000,1.0000,aEM,1.185967294,39.0000,3.0000,13.0000,15.6000,0.2000
1.0500,0.1000,100.0000,0.1,0.47954635,3.0000,3.0000,1.0000,1.1000,0.1000
1.0500,0.1000,100.0000,aEM,5.03725605,3.0000,3.0000,1.0000,1.1000,0.1000
1.0500,0.1000,10.0000,0.1,4.810145,3.0000,3.0000,1.0000,1.1000,0.1000
1.0500,0.1000,10.0000,aEM,44.8774495,3.0000,3.0000,1.0000,1.1000,0.1000
1.0500,0.1000,1.0000,0.1,49.514229,3.0000,3.0000,1.0000,1.1000,0.1000
1.0500,0.1000,1.0000,aEM,319.520251,3.0000,3.0000,1.0000,1.1000,0.1000
1.1000,0.2000,100.0000,0.1,0.0149028625,3.0000,3.0000,1.0000,1.2000,0.2000
1.1000,0.2000,100.0000,aEM,0.1593617331,3.0000,3.0000,1.0000,1.2000,0.2000
1.1000,0.2000,10.0000,0.1,0.149039491,3.0000,3.0000,1.0000,1.2000,0.2000
1.1000,0.2000,10.0000,aEM,1.586689393,3.0000,3.0000,1.0000,1.2000,0.2000
1.1000,0.2000,1.0000,0.1,1.49242486,3.0000,3.0000,1.0000,1.2000,0.2000
1.1000,0.2000,1.0000,aEM,15.21715787,3.0000,3.0000,1.0000,1.2000,0.2000
2.1000,0.2000,100.0000,0.1,3.207944348,4.2000,2.1000,2.0000,2.2000,0.1000
2.1000,0.2000,100.0000,aEM,0.611289104,4.2000,2.1000,2.0000,2.2000,0.1000
2.1000,0.2000,10.0000,0.1,7.13421618,4.2000,2.1000,2.0000,2.2000,0.1000
2.1000,0.2000,10.0000,aEM,2.02529978,4.2000,2.1000,2.0000,2.2000,0.1000
2.1000,0.2000,1.0000,0.1,23.4358181,4.2000,2.1000,2.0000,2.2000,0.1000
2.1000,0.2000,1.0000,aEM,7.8888661,4.2000,2.1000,2.0000,2.2000,0.1000
2.2000,0.4000,100.0000,0.1,0.00054315896,4.2000,2.1000,2.0000,2.4000,0.2000
2.2000,0.4000,100.0000,aEM,0.00054317824,4.2000,2.1000,2.0000,2.4000,0.2000
2.2000,0.4000,10.0000,0.1,0.0054316611,4.2000,2.1000,2.0000,2.4000,0.2000
2.2000,0.4000,10.0000,aEM,0.0054331809,4.2000,2.1000,2.0000,2.4000,0.2000
2.2000,0.4000,1.0000,0.1,0.054327822,4.2000,2.1000,2.0000,2.4000,0.2000
2.2000,0.4000,1.0000,aEM,0.054481173,4.2000,2.1000,2.0000,2.4000,0.2000
21.0000,2.0000,100.0000,0.1,2.427514927,42.0000,2.1000,20.0000,22.0000,0.1000
21.0000,2.0000,100.0000,aEM,0.1788598469,42.0000,2.1000,20.0000,22.0000,0.1000
21.0000,2.0000,10.0000,0.1,2.444149736,42.0000,2.1000,20.0000,22.0000,0.1000
21.0000,2.0000,10.0000,aEM,0.533153855,42.0000,2.1000,20.0000,22.0000,0.1000
21.0000,2.0000,1.0000,0.1,6.20951829,42.0000,2.1000,20.0000,22.0000,0.1000
21.0000,2.0000,1.0000,aEM,1.82277576,42.0000,2.1000,20.0000,22.0000,0.1000
22.0000,4.0000,100.0000,0.1,6.7638311e-05,42.0000,2.1000,20.0000,24.0000,0.2000
22.0000,4.0000,100.0000,aEM,6.7636818e-05,42.0000,2.1000,20.0000,24.0000,0.2000
22.0000,4.0000,10.0000,0.1,0.0006763786,42.0000,2.1000,20.0000,24.0000,0.2000
22.0000,4.0000,10.0000,aEM,0.00067638321,42.0000,2.1000,20.0000,24.0000,0.2000
22.0000,4.0000,1.0000,0.1,0.006763831,42.0000,2.1000,20.0000,24.0000,0.2000
22.0000,4.0000,1.0000,aEM,0.0067656692,42.0000,2.1000,20.0000,24.0000,0.2000
14.7000,1.4000,100.0000,0.1,0.036531012,42.0000,3.0000,14.0000,15.4000,0.1000
14.7000,1.4000,100.0000,aEM,0.35811061,42.0000,3.0000,14.0000,15.4000,0.1000
14.7000,1.4000,10.0000,0.1,0.36549858,42.0000,3.0000,14.0000,15.4000,0.1000
14.7000,1.4000,10.0000,aEM,3.51923486,42.0000,3.0000,14.0000,15.4000,0.1000
14.7000,1.4000,1.0000,0.1,3.6604239,42.0000,3.0000,14.0000,15.4000,0.1000
14.7000,1.4000,1.0000,aEM,30.2918583,42.0000,3.0000,14.0000,15.4000,0.1000
15.4000,2.8000,100.0000,0.1,0.00114144639,42.0000,3.0000,14.0000,16.8000,0.2000
15.4000,2.8000,100.0000,aEM,0.01118435959,42.0000,3.0000,14.0000,16.8000,0.2000
15.4000,2.8000,10.0000,0.1,0.0114144338,42.0000,3.0000,14.0000,16.8000,0.2000
15.4000,2.8000,10.0000,aEM,0.111782431,42.0000,3.0000,14.0000,16.8000,0.2000
15.4000,2.8000,1.0000,0.1,0.114148351,42.0000,3.0000,14.0000,16.8000,0.2000
15.4000,2.8000,1.0000,aEM,1.112287806,42.0000,3.0000,14.0000,16.8000,0.2000
22.0500,2.1000,100.0000,0.1,2.3941209309,44.1000,2.1000,21.0000,23.1000,0.1000
22.0500,2.1000,100.0000,aEM,0.1763984108,44.1000,2.1000,21.0000,23.1000,0.1000
22.0500,2.1000,10.0000,0.1,2.410539385,44.1000,2.1000,21.0000,23.1000,0.1000
22.0500,2.1000,10.0000,aEM,0.518045148,44.1000,2.1000,21.0000,23.1000,0.1000
22.0500,2.1000,1.0000,0.1,6.03442644,44.1000,2.1000,21.0000,23.1000,0.1000
22.0500,2.1000,1.0000,aEM,1.78101698,44.1000,2.1000,21.0000,23.1000,0.1000
23.1000,4.2000,100.0000,0.1,6.7270009e-05,44.1000,2.1000,21.0000,25.2000,0.2000
23.1000,4.2000,100.0000,aEM,6.7269888e-05,44.1000,2.1000,21.0000,25.2000,0.2000
23.1000,4.2000,10.0000,0.1,0.00067269888,44.1000,2.1000,21.0000,25.2000,0.2000
23.1000,4.2000,10.0000,aEM,0.00067270329,44.1000,2.1000,21.0000,25.2000,0.2000
23.1000,4.2000,1.0000,0.1,0.0067270019,44.1000,2.1000,21.0000,25.2000,0.2000
23.1000,4.2000,1.0000,aEM,0.0067287927,44.1000,2.1000,21.0000,25.2000,0.2000
15.7500,1.5000,100.0000,0.1,0.035329006,45.0000,3.0000,15.0000,16.5000,0.1000
15.7500,1.5000,100.0000,aEM,0.337122819,45.0000,3.0000,15.0000,16.5000,0.1000
15.7500,1.5000,10.0000,0.1,0.35328423,45.0000,3.0000,15.0000,16.5000,0.1000
15.7500,1.5000,10.0000,aEM,3.3169841,45.0000,3.0000,15.0000,16.5000,0.1000
15.7500,1.5000,1.0000,0.1,3.5368748,45.0000,3.0000,15.0000,16.5000,0.1000
15.7500,1.5000,1.0000,aEM,28.7632945,45.0000,3.0000,15.0000,16.5000,0.1000
16.5000,3.0000,100.0000,0.1,0.0011037483,45.0000,3.0000,15.0000,18.0000,0.2000
16.5000,3.0000,100.0000,aEM,0.01055294394,45.0000,3.0000,15.0000,18.0000,0.2000
16.5000,3.0000,10.0000,0.1,0.0110375662,45.0000,3.0000,15.0000,18.0000,0.2000
16.5000,3.0000,10.0000,aEM,0.1054739131,45.0000,3.0000,15.0000,18.0000,0.2000
16.5000,3.0000,1.0000,0.1,0.110364052,45.0000,3.0000,15.0000,18.0000,0.2000
16.5000,3.0000,1.0000,aEM,1.048830624,45.0000,3.0000,15.0000,18.0000,0.2000
23.1000,2.2000,100.0000,0.1,2.3632402225,46.2000,2.1000,22.0000,24.2000,0.1000
23.1000,2.2000,100.0000,aEM,0.1741370623,46.2000,2.1000,22.0000,24.2000,0.1000
23.1000,2.2000,10.0000,0.1,2.380053601,46.2000,2.1000,22.0000,24.2000,0.1000
23.1000,2.2000,10.0000,aEM,0.506090521,46.2000,2.1000,22.0000,24.2000,0.1000
23.1000,2.2000,1.0000,0.1,5.89144617,46.2000,2.1000,22.0000,24.2000,0.1000
23.1000,2.2000,1.0000,aEM,1.72996396,46.2000,2.1000,22.0000,24.2000,0.1000
24.2000,4.4000,100.0000,0.1,6.7234543e-05,46.2000,2.1000,22.0000,26.4000,0.2000
24.2000,4.4000,100.0000,aEM,6.7232761e-05,46.2000,2.1000,22.0000,26.4000,0.2000
24.2000,4.4000,10.0000,0.1,0.00067233981,46.2000,2.1000,22.0000,26.4000,0.2000
24.2000,4.4000,10.0000,aEM,0.00067234543,46.2000,2.1000,22.0000,26.4000,0.2000
24.2000,4.4000,1.0000,0.1,0.0067234313,46.2000,2.1000,22.0000,26.4000,0.2000
24.2000,4.4000,1.0000,aEM,0.006725096,46.2000,2.1000,22.0000,26.4000,0.2000
24.1500,2.3000,100.0000,0.1,2.3270569823,48.3000,2.1000,23.0000,25.3000,0.1000
24.1500,2.3000,100.0000,aEM,0.1714565641,48.3000,2.1000,23.0000,25.3000,0.1000
24.1500,2.3000,10.0000,0.1,2.343364009,48.3000,2.1000,23.0000,25.3000,0.1000
24.1500,2.3000,10.0000,aEM,0.494840777,48.3000,2.1000,23.0000,25.3000,0.1000
24.1500,2.3000,1.0000,0.1,5.75733794,48.3000,2.1000,23.0000,25.3000,0.1000
24.1500,2.3000,1.0000,aEM,1.70636328,48.3000,2.1000,23.0000,25.3000,0.1000
25.3000,4.6000,100.0000,0.1,6.7672565e-05,48.3000,2.1000,23.0000,27.6000,0.2000
25.3000,4.6000,100.0000,aEM,6.7669793e-05,48.3000,2.1000,23.0000,27.6000,0.2000
25.3000,4.6000,10.0000,0.1,0.00067670003,48.3000,2.1000,23.0000,27.6000,0.2000
25.3000,4.6000,10.0000,aEM,0.00067672445,48.3000,2.1000,23.0000,27.6000,0.2000
25.3000,4.6000,1.0000,0.1,0.0067671225,48.3000,2.1000,23.0000,27.6000,0.2000
25.3000,4.6000,1.0000,aEM,0.006768765,48.3000,2.1000,23.0000,27.6000,0.2000
16.8000,1.6000,100.0000,0.1,0.034317621,48.0000,3.0000,16.0000,17.6000,0.1000
16.8000,1.6000,100.0000,aEM,0.320945971,48.0000,3.0000,16.0000,17.6000,0.1000
16.8000,1.6000,10.0000,0.1,0.34305761,48.0000,3.0000,16.0000,17.6000,0.1000
16.8000,1.6000,10.0000,aEM,3.15789919,48.0000,3.0000,16.0000,17.6000,0.1000
16.8000,1.6000,1.0000,0.1,3.4333953,48.0000,3.0000,16.0000,17.6000,0.1000
16.8000,1.6000,1.0000,aEM,27.4119212,48.0000,3.0000,16.0000,17.6000,0.1000
17.6000,3.2000,100.0000,0.1,0.00107096548,48.0000,3.0000,16.0000,19.2000,0.2000
17.6000,3.2000,100.0000,aEM,0.01003946276,48.0000,3.0000,16.0000,19.2000,0.2000
17.6000,3.2000,10.0000,0.1,0.0107096758,48.0000,3.0000,16.0000,19.2000,0.2000
17.6000,3.2000,10.0000,aEM,0.1003380929,48.0000,3.0000,16.0000,19.2000,0.2000
17.6000,3.2000,1.0000,0.1,0.107105598,48.0000,3.0000,16.0000,19.2000,0.2000
17.6000,3.2000,1.0000,aEM,0.998264092,48.0000,3.0000,16.0000,19.2000,0.2000
25.2000,2.4000,100.0000,0.1,2.2925612343,50.4000,2.1000,24.0000,26.4000,0.1000
25.2000,2.4000,100.0000,aEM,0.169057714,50.4000,2.1000,24.0000,26.4000,0.1000
25.2000,2.4000,10.0000,0.1,2.308790107,50.4000,2.1000,24.0000,26.4000,0.1000
25.2000,2.4000,10.0000,aEM,0.486003964,50.4000,2.1000,24.0000,26.4000,0.1000
25.2000,2.4000,1.0000,0.1,5.65770791,50.4000,2.1000,24.0000,26.4000,0.1000
25.2000,2.4000,1.0000,aEM,1.67432669,50.4000,2.1000,24.0000,26.4000,0.1000
26.4000,4.8000,100.0000,0.1,6.8215e-05,50.4000,2.1000,24.0000,28.8000,0.2000
26.4000,4.8000,100.0000,aEM,6.8213648e-05,50.4000,2.1000,24.0000,28.8000,0.2000
26.4000,4.8000,10.0000,0.1,0.00068213548,50.4000,2.1000,24.0000,28.8000,0.2000
26.4000,4.8000,10.0000,aEM,0.00068214999,50.4000,2.1000,24.0000,28.8000,0.2000
26.4000,4.8000,1.0000,0.1,0.0068214999,50.4000,2.1000,24.0000,28.8000,0.2000
26.4000,4.8000,1.0000,aEM,0.0068229944,50.4000,2.1000,24.0000,28.8000,0.2000
17.8500,1.7000,100.0000,0.1,0.033874545,51.0000,3.0000,17.0000,18.7000,0.1000
17.8500,1.7000,100.0000,aEM,0.310569479,51.0000,3.0000,17.0000,18.7000,0.1000
17.8500,1.7000,10.0000,0.1,0.33880862,51.0000,3.0000,17.0000,18.7000,0.1000
17.8500,1.7000,10.0000,aEM,3.05792006,51.0000,3.0000,17.0000,18.7000,0.1000
17.8500,1.7000,1.0000,0.1,3.3931888,51.0000,3.0000,17.0000,18.7000,0.1000
17.8500,1.7000,1.0000,aEM,26.6174941,51.0000,3.0000,17.0000,18.7000,0.1000
18.7000,3.4000,100.0000,0.1,0.0010566498,51.0000,3.0000,17.0000,20.4000,0.2000
18.7000,3.4000,100.0000,aEM,0.0097276499,51.0000,3.0000,17.0000,20.4000,0.2000
18.7000,3.4000,10.0000,0.1,0.01056674,51.0000,3.0000,17.0000,20.4000,0.2000
18.7000,3.4000,10.0000,aEM,0.097231302,51.0000,3.0000,17.0000,20.4000,0.2000
18.7000,3.4000,1.0000,0.1,0.10567292,51.0000,3.0000,17.0000,20.4000,0.2000
18.7000,3.4000,1.0000,aEM,0.96722534,51.0000,3.0000,17.0000,20.4000,0.2000
26.2500,2.5000,100.0000,0.1,2.2567784743,52.5000,2.1000,25.0000,27.5000,0.1000
26.2500,2.5000,100.0000,aEM,0.166215724,52.5000,2.1000,25.0000,27.5000,0.1000
26.2500,2.5000,10.0000,0.1,2.269836708,52.5000,2.1000,25.0000,27.5000,0.1000
26.2500,2.5000,10.0000,aEM,0.477062541,52.5000,2.1000,25.0000,27.5000,0.1000
26.2500,2.5000,1.0000,0.1,5.5443557,52.5000,2.1000,25.0000,27.5000,0.1000
26.2500,2.5000,1.0000,aEM,1.65268306,52.5000,2.1000,25.0000,27.5000,0.1000
27.5000,5.0000,100.0000,0.1,6.9769729e-05,52.5000,2.1000,25.0000,30.0000,0.2000
27.5000,5.0000,100.0000,aEM,6.9769598e-05,52.5000,2.1000,25.0000,30.0000,0.2000
27.5000,5.0000,10.0000,0.1,0.00069768467,52.5000,2.1000,25.0000,30.0000,0.2000
27.5000,5.0000,10.0000,aEM,0.00069771039,52.5000,2.1000,25.0000,30.0000,0.2000
27.5000,5.0000,1.0000,0.1,0.0069769929,52.5000,2.1000,25.0000,30.0000,0.2000
27.5000,5.0000,1.0000,aEM,0.0069785551,52.5000,2.1000,25.0000,30.0000,0.2000
27.3000,2.6000,100.0000,0.1,2.2100021621,54.6000,2.1000,26.0000,28.6000,0.1000
27.3000,2.6000,100.0000,aEM,0.1631595919,54.6000,2.1000,26.0000,28.6000,0.1000
27.3000,2.6000,10.0000,0.1,2.228246997,54.6000,2.1000,26.0000,28.6000,0.1000
27.3000,2.6000,10.0000,aEM,0.470067419,54.6000,2.1000,26.0000,28.6000,0.1000
27.3000,2.6000,1.0000,0.1,5.46579748,54.6000,2.1000,26.0000,28.6000,0.1000
27.3000,2.6000,1.0000,aEM,1.63098117,54.6000,2.1000,26.0000,28.6000,0.1000
28.6000,5.2000,100.0000,0.1,7.1559988e-05,54.6000,2.1000,26.0000,31.2000,0.2000
28.6000,5.2000,100.0000,aEM,7.156295e-05,54.6000,2.1000,26.0000,31.2000,0.2000
28.6000,5.2000,10.0000,0.1,0.00071562419,54.6000,2.1000,26.0000,31.2000,0.2000
28.6000,5.2000,10.0000,aEM,0.00071564601,54.6000,2.1000,26.0000,31.2000,0.2000
28.6000,5.2000,1.0000,0.1,0.0071564591,54.6000,2.1000,26.0000,31.2000,0.2000
28.6000,5.2000,1.0000,aEM,0.0071577573,54.6000,2.1000,26.0000,31.2000,0.2000
18.9000,1.8000,100.0000,0.1,0.033955861,54.0000,3.0000,18.0000,19.8000,0.1000
18.9000,1.8000,100.0000,aEM,0.30372375,54.0000,3.0000,18.0000,19.8000,0.1000
18.9000,1.8000,10.0000,0.1,0.33980198,54.0000,3.0000,18.0000,19.8000,0.1000
18.9000,1.8000,10.0000,aEM,2.99423765,54.0000,3.0000,18.0000,19.8000,0.1000
18.9000,1.8000,1.0000,0.1,3.4012424,54.0000,3.0000,18.0000,19.8000,0.1000
18.9000,1.8000,1.0000,aEM,26.0765931,54.0000,3.0000,18.0000,19.8000,0.1000
19.8000,3.6000,100.0000,0.1,0.0010611121,54.0000,3.0000,18.0000,21.6000,0.2000
19.8000,3.6000,100.0000,aEM,0.0095201556,54.0000,3.0000,18.0000,21.6000,0.2000
19.8000,3.6000,10.0000,0.1,0.010611122,54.0000,3.0000,18.0000,21.6000,0.2000
19.8000,3.6000,10.0000,aEM,0.095165459,54.0000,3.0000,18.0000,21.6000,0.2000
19.8000,3.6000,1.0000,0.1,0.10611833,54.0000,3.0000,18.0000,21.6000,0.2000
19.8000,3.6000,1.0000,aEM,0.94699938,54.0000,3.0000,18.0000,21.6000,0.2000
28.3500,2.7000,100.0000,0.1,2.1799005307,56.7000,2.1000,27.0000,29.7000,0.1000
28.3500,2.7000,100.0000,aEM,0.1609115903,56.7000,2.1000,27.0000,29.7000,0.1000
28.3500,2.7000,10.0000,0.1,2.199425771,56.7000,2.1000,27.0000,29.7000,0.1000
28.3500,2.7000,10.0000,aEM,0.466734283,56.7000,2.1000,27.0000,29.7000,0.1000
28.3500,2.7000,1.0000,0.1,5.42277422,56.7000,2.1000,27.0000,29.7000,0.1000
28.3500,2.7000,1.0000,aEM,1.62992698,56.7000,2.1000,27.0000,29.7000,0.1000
29.7000,5.4000,100.0000,0.1,7.3364305e-05,56.7000,2.1000,27.0000,32.4000,0.2000
29.7000,5.4000,100.0000,aEM,7.3365767e-05,56.7000,2.1000,27.0000,32.4000,0.2000
29.7000,5.4000,10.0000,0.1,0.00073364446,56.7000,2.1000,27.0000,32.4000,0.2000
29.7000,5.4000,10.0000,aEM,0.00073366317,56.7000,2.1000,27.0000,32.4000,0.2000
29.7000,5.4000,1.0000,0.1,0.0073366187,56.7000,2.1000,27.0000,32.4000,0.2000
29.7000,5.4000,1.0000,aEM,0.0073380459,56.7000,2.1000,27.0000,32.4000,0.2000
19.9500,1.9000,100.0000,0.1,0.034527159,57.0000,3.0000,19.0000,20.9000,0.1000
19.9500,1.9000,100.0000,aEM,0.300929761,57.0000,3.0000,19.0000,20.9000,0.1000
19.9500,1.9000,10.0000,0.1,0.34565202,57.0000,3.0000,19.0000,20.9000,0.1000
19.9500,1.9000,10.0000,aEM,2.96095942,57.0000,3.0000,19.0000,20.9000,0.1000
19.9500,1.9000,1.0000,0.1,3.4601034,57.0000,3.0000,19.0000,20.9000,0.1000
19.9500,1.9000,1.0000,aEM,25.6959202,57.0000,3.0000,19.0000,20.9000,0.1000
20.9000,3.8000,100.0000,0.1,0.0010757991,57.0000,3.0000,19.0000,22.8000,0.2000
20.9000,3.8000,100.0000,aEM,0.0094096507,57.0000,3.0000,19.0000,22.8000,0.2000
20.9000,3.8000,10.0000,0.1,0.010757981,57.0000,3.0000,19.0000,22.8000,0.2000
20.9000,3.8000,10.0000,aEM,0.09405676,57.0000,3.0000,19.0000,22.8000,0.2000
20.9000,3.8000,1.0000,0.1,0.10758302,57.0000,3.0000,19.0000,22.8000,0.2000
20.9000,3.8000,1.0000,aEM,0.93588691,57.0000,3.0000,19.0000,22.8000,0.2000
29.4000,2.8000,100.0000,0.1,2.143419511,58.8000,2.1000,28.0000,30.8000,0.1000
29.4000,2.8000,100.0000,aEM,0.1584718097,58.8000,2.1000,28.0000,30.8000,0.1000
29.4000,2.8000,10.0000,0.1,2.163065985,58.8000,2.1000,28.0000,30.8000,0.1000
29.4000,2.8000,10.0000,aEM,0.464147388,58.8000,2.1000,28.0000,30.8000,0.1000
29.4000,2.8000,1.0000,0.1,5.39573526,58.8000,2.1000,28.0000,30.8000,0.1000
29.4000,2.8000,1.0000,aEM,1.63119329,58.8000,2.1000,28.0000,30.8000,0.1000
30.8000,5.6000,100.0000,0.1,7.650105e-05,58.8000,2.1000,28.0000,33.6000,0.2000
30.8000,5.6000,100.0000,aEM,7.6500738e-05,58.8000,2.1000,28.0000,33.6000,0.2000
30.8000,5.6000,10.0000,0.1,0.00076498178,58.8000,2.1000,28.0000,33.6000,0.2000
30.8000,5.6000,10.0000,aEM,0.0007650105,58.8000,2.1000,28.0000,33.6000,0.2000
30.8000,5.6000,1.0000,0.1,0.007650105,58.8000,2.1000,28.0000,33.6000,0.2000
30.8000,5.6000,1.0000,aEM,0.007651427,58.8000,2.1000,28.0000,33.6000,0.2000
3.1500,0.3000,100.0000,0.1,3.021289797,6.3000,2.1000,3.0000,3.3000,0.1000
3.1500,0.3000,100.0000,aEM,0.481862833,6.3000,2.1000,3.0000,3.3000,0.1000
3.1500,0.3000,10.0000,0.1,5.62634625,6.3000,2.1000,3.0000,3.3000,0.1000
3.1500,0.3000,10.0000,aEM,1.58964522,6.3000,2.1000,3.0000,3.3000,0.1000
3.1500,0.3000,1.0000,0.1,18.4308217,6.3000,2.1000,3.0000,3.3000,0.1000
3.1500,0.3000,1.0000,aEM,5.8761139,6.3000,2.1000,3.0000,3.3000,0.1000
3.3000,0.6000,100.0000,0.1,0.00035207959,6.3000,2.1000,3.0000,3.6000,0.2000
3.3000,0.6000,100.0000,aEM,0.00035208553,6.3000,2.1000,3.0000,3.6000,0.2000
3.3000,0.6000,10.0000,0.1,0.0035208202,6.3000,2.1000,3.0000,3.6000,0.2000
3.3000,0.6000,10.0000,aEM,0.0035214531,6.3000,2.1000,3.0000,3.6000,0.2000
3.3000,0.6000,1.0000,0.1,0.035213378,6.3000,2.1000,3.0000,3.6000,0.2000
3.3000,0.6000,1.0000,aEM,0.035279816,6.3000,2.1000,3.0000,3.6000,0.2000
30.4500,2.9000,100.0000,0.1,2.092647259,60.9000,2.1000,29.0000,31.9000,0.1000
30.4500,2.9000,100.0000,aEM,0.1549251488,60.9000,2.1000,29.0000,31.9000,0.1000
30.4500,2.9000,10.0000,0.1,2.111247956,60.9000,2.1000,29.0000,31.9000,0.1000
30.4500,2.9000,10.0000,aEM,0.462318178,60.9000,2.1000,29.0000,31.9000,0.1000
30.4500,2.9000,1.0000,0.1,5.37575107,60.9000,2.1000,29.0000,31.9000,0.1000
30.4500,2.9000,1.0000,aEM,1.63010892,60.9000,2.1000,29.0000,31.9000,0.1000
31.9000,5.8000,100.0000,0.1,7.9836922e-05,60.9000,2.1000,29.0000,34.8000,0.2000
31.9000,5.8000,100.0000,aEM,7.9840024e-05,60.9000,2.1000,29.0000,34.8000,0.2000
31.9000,5.8000,10.0000,0.1,0.00079838693,60.9000,2.1000,29.0000,34.8000,0.2000
31.9000,5.8000,10.0000,aEM,0.00079841245,60.9000,2.1000,29.0000,34.8000,0.2000
31.9000,5.8000,1.0000,0.1,0.0079840135,60.9000,2.1000,29.0000,34.8000,0.2000
31.9000,5.8000,1.0000,aEM,0.0079854245,60.9000,2.1000,29.0000,34.8000,0.2000
21.0000,2.0000,100.0000,0.1,0.036251455,60.0000,3.0000,20.0000,22.0000,0.1000
21.0000,2.0000,100.0000,aEM,0.30399344,60.0000,3.0000,20.0000,22.0000,0.1000
21.0000,2.0000,10.0000,0.1,0.36257923,60.0000,3.0000,20.0000,22.0000,0.1000
21.0000,2.0000,10.0000,aEM,2.99401098,60.0000,3.0000,20.0000,22.0000,0.1000
21.0000,2.0000,1.0000,0.1,3.6327891,60.0000,3.0000,20.0000,22.0000,0.1000
21.0000,2.0000,1.0000,aEM,25.833374,60.0000,3.0000,20.0000,22.0000,0.1000
22.0000,4.0000,100.0000,0.1,0.0011278599,60.0000,3.0000,20.0000,24.0000,0.2000
22.0000,4.0000,100.0000,aEM,0.0095161539,60.0000,3.0000,20.0000,24.0000,0.2000
22.0000,4.0000,10.0000,0.1,0.011278599,60.0000,3.0000,20.0000,24.0000,0.2000
22.0000,4.0000,10.0000,aEM,0.095111613,60.0000,3.0000,20.0000,24.0000,0.2000
22.0000,4.0000,1.0000,0.1,0.11279343,60.0000,3.0000,20.0000,24.0000,0.2000
22.0000,4.0000,1.0000,aEM,0.94678888,60.0000,3.0000,20.0000,24.0000,0.2000
31.5000,3.0000,100.0000,0.1,2.0632748023,63.0000,2.1000,30.0000,33.0000,0.1000
31.5000,3.0000,100.0000,aEM,0.1529704261,63.0000,2.1000,30.0000,33.0000,0.1000
31.5000,3.0000,10.0000,0.1,2.085976449,63.0000,2.1000,30.0000,33.0000,0.1000
31.5000,3.0000,10.0000,aEM,0.465644222,63.0000,2.1000,30.0000,33.0000,0.1000
31.5000,3.0000,1.0000,0.1,5.40291911,63.0000,2.1000,30.0000,33.0000,0.1000
31.5000,3.0000,1.0000,aEM,1.65508626,63.0000,2.1000,30.0000,33.0000,0.1000
33.0000,6.0000,100.0000,0.1,8.4396709e-05,63.0000,2.1000,30.0000,36.0000,0.2000
33.0000,6.0000,100.0000,aEM,8.439794e-05,63.0000,2.1000,30.0000,36.0000,0.2000
33.0000,6.0000,10.0000,0.1,0.0008439805,63.0000,2.1000,30.0000,36.0000,0.2000
33.0000,6.0000,10.0000,aEM,0.0008439827,63.0000,2.1000,30.0000,36.0000,0.2000
33.0000,6.0000,1.0000,0.1,0.008439805,63.0000,2.1000,30.0000,36.0000,0.2000
33.0000,6.0000,1.0000,aEM,0.008441248,63.0000,2.1000,30.0000,36.0000,0.2000
22.0500,2.1000,100.0000,0.1,0.038407236,63.0000,3.0000,21.0000,23.1000,0.1000
22.0500,2.1000,100.0000,aEM,0.315298836,63.0000,3.0000,21.0000,23.1000,0.1000
22.0500,2.1000,10.0000,0.1,0.38412354,63.0000,3.0000,21.0000,23.1000,0.1000
22.0500,2.1000,10.0000,aEM,3.09713502,63.0000,3.0000,21.0000,23.1000,0.1000
22.0500,2.1000,1.0000,0.1,3.8482154,63.0000,3.0000,21.0000,23.1000,0.1000
22.0500,2.1000,1.0000,aEM,26.5370585,63.0000,3.0000,21.0000,23.1000,0.1000
23.1000,4.2000,100.0000,0.1,0.0011959838,63.0000,3.0000,21.0000,25.2000,0.2000
23.1000,4.2000,100.0000,aEM,0.009867878,63.0000,3.0000,21.0000,25.2000,0.2000
23.1000,4.2000,10.0000,0.1,0.011959838,63.0000,3.0000,21.0000,25.2000,0.2000
23.1000,4.2000,10.0000,aEM,0.098614522,63.0000,3.0000,21.0000,25.2000,0.2000
23.1000,4.2000,1.0000,0.1,0.11960472,63.0000,3.0000,21.0000,25.2000,0.2000
23.1000,4.2000,1.0000,aEM,0.98171688,63.0000,3.0000,21.0000,25.2000,0.2000
32.5500,3.1000,100.0000,0.1,2.0096127102,65.1000,2.1000,31.0000,34.1000,0.1000
32.5500,3.1000,100.0000,aEM,0.1489712139,65.1000,2.1000,31.0000,34.1000,0.1000
32.5500,3.1000,10.0000,0.1,2.031886626,65.1000,2.1000,31.0000,34.1000,0.1000
32.5500,3.1000,10.0000,aEM,0.470480111,65.1000,2.1000,31.0000,34.1000,0.1000
32.5500,3.1000,1.0000,0.1,5.45072,65.1000,2.1000,31.0000,34.1000,0.1000
32.5500,3.1000,1.0000,aEM,1.683539,65.1000,2.1000,31.0000,34.1000,0.1000
34.1000,6.2000,100.0000,0.1,8.9661075e-05,65.1000,2.1000,31.0000,37.2000,0.2000
34.1000,6.2000,100.0000,aEM,8.9662316e-05,65.1000,2.1000,31.0000,37.2000,0.2000
34.1000,6.2000,10.0000,0.1,0.00089662416,65.1000,2.1000,31.0000,37.2000,0.2000
34.1000,6.2000,10.0000,aEM,0.00089662547,65.1000,2.1000,31.0000,37.2000,0.2000
34.1000,6.2000,1.0000,0.1,0.0089662416,65.1000,2.1000,31.0000,37.2000,0.2000
34.1000,6.2000,1.0000,aEM,0.0089675726,65.1000,2.1000,31.0000,37.2000,0.2000
23.1000,2.2000,100.0000,0.1,0.042044104,66.0000,3.0000,22.0000,24.2000,0.1000
23.1000,2.2000,100.0000,aEM,0.334779509,66.0000,3.0000,22.0000,24.2000,0.1000
23.1000,2.2000,10.0000,0.1,0.42050058,66.0000,3.0000,22.0000,24.2000,0.1000
23.1000,2.2000,10.0000,aEM,3.28921426,66.0000,3.0000,22.0000,24.2000,0.1000
23.1000,2.2000,1.0000,0.1,4.2096574,66.0000,3.0000,22.0000,24.2000,0.1000
23.1000,2.2000,1.0000,aEM,27.7246368,66.0000,3.0000,22.0000,24.2000,0.1000
24.2000,4.4000,100.0000,0.1,0.0013102023,66.0000,3.0000,22.0000,26.4000,0.2000
24.2000,4.4000,100.0000,aEM,0.0104858477,66.0000,3.0000,22.0000,26.4000,0.2000
24.2000,4.4000,10.0000,0.1,0.013102235,66.0000,3.0000,22.0000,26.4000,0.2000
24.2000,4.4000,10.0000,aEM,0.104793909,66.0000,3.0000,22.0000,26.4000,0.2000
24.2000,4.4000,1.0000,0.1,0.13102768,66.0000,3.0000,22.0000,26.4000,0.2000
24.2000,4.4000,1.0000,aEM,1.04145837,66.0000,3.0000,22.0000,26.4000,0.2000
33.6000,3.2000,100.0000,0.1,1.9789037775,67.2000,2.1000,32.0000,35.2000,0.1000
33.6000,3.2000,100.0000,aEM,0.1469147113,67.2000,2.1000,32.0000,35.2000,0.1000
33.6000,3.2000,10.0000,0.1,2.0029912,67.2000,2.1000,32.0000,35.2000,0.1000
33.6000,3.2000,10.0000,aEM,0.479690797,67.2000,2.1000,32.0000,35.2000,0.1000
33.6000,3.2000,1.0000,0.1,5.57431085,67.2000,2.1000,32.0000,35.2000,0.1000
33.6000,3.2000,1.0000,aEM,1.73117414,67.2000,2.1000,32.0000,35.2000,0.1000
35.2000,6.4000,100.0000,0.1,9.6446557e-05,67.2000,2.1000,32.0000,38.4000,0.2000
35.2000,6.4000,100.0000,aEM,9.6450779e-05,67.2000,2.1000,32.0000,38.4000,0.2000
35.2000,6.4000,10.0000,0.1,0.00096449559,67.2000,2.1000,32.0000,38.4000,0.2000
35.2000,6.4000,10.0000,aEM,0.00096450899,67.2000,2.1000,32.0000,38.4000,0.2000
35.2000,6.4000,1.0000,0.1,0.0096450779,67.2000,2.1000,32.0000,38.4000,0.2000
35.2000,6.4000,1.0000,aEM,0.0096465079,67.2000,2.1000,32.0000,38.4000,0.2000
34.6500,3.3000,100.0000,0.1,1.9394433715,69.3000,2.1000,33.0000,36.3000,0.1000
34.6500,3.3000,100.0000,aEM,0.1497728041,69.3000,2.1000,33.0000,36.3000,0.1000
34.6500,3.3000,10.0000,0.1,1.971478639,69.3000,2.1000,33.0000,36.3000,0.1000
34.6500,3.3000,10.0000,aEM,0.49546285,69.3000,2.1000,33.0000,36.3000,0.1000
34.6500,3.3000,1.0000,0.1,5.74337026,69.3000,2.1000,33.0000,36.3000,0.1000
34.6500,3.3000,1.0000,aEM,1.80188891,69.3000,2.1000,33.0000,36.3000,0.1000
36.3000,6.6000,100.0000,0.1,0.000104972543,69.3000,2.1000,33.0000,39.6000,0.2000
36.3000,6.6000,100.0000,aEM,0.000104969882,69.3000,2.1000,33.0000,39.6000,0.2000
36.3000,6.6000,10.0000,0.1,0.00104969992,69.3000,2.1000,33.0000,39.6000,0.2000
36.3000,6.6000,10.0000,aEM,0.00104972564,69.3000,2.1000,33.0000,39.6000,0.2000
36.3000,6.6000,1.0000,0.1,0.0104972563,69.3000,2.1000,33.0000,39.6000,0.2000
36.3000,6.6000,1.0000,aEM,0.0104986742,69.3000,2.1000,33.0000,39.6000,0.2000
24.1500,2.3000,100.0000,0.1,0.047471784,69.0000,3.0000,23.0000,25.3000,0.1000
24.1500,2.3000,100.0000,aEM,0.366668358,69.0000,3.0000,23.0000,25.3000,0.1000
24.1500,2.3000,10.0000,0.1,0.47482425,69.0000,3.0000,23.0000,25.3000,0.1000
24.1500,2.3000,10.0000,aEM,3.59370951,69.0000,3.0000,23.0000,25.3000,0.1000
24.1500,2.3000,1.0000,0.1,4.7528143,69.0000,3.0000,23.0000,25.3000,0.1000
24.1500,2.3000,1.0000,aEM,29.7416897,69.0000,3.0000,23.0000,25.3000,0.1000
25.3000,4.6000,100.0000,0.1,0.0014769728,69.0000,3.0000,23.0000,27.6000,0.2000
25.3000,4.6000,100.0000,aEM,0.0114793679,69.0000,3.0000,23.0000,27.6000,0.2000
25.3000,4.6000,10.0000,0.1,0.014770188,69.0000,3.0000,23.0000,27.6000,0.2000
25.3000,4.6000,10.0000,aEM,0.114726462,69.0000,3.0000,23.0000,27.6000,0.2000
25.3000,4.6000,1.0000,0.1,0.14770712,69.0000,3.0000,23.0000,27.6000,0.2000
25.3000,4.6000,1.0000,aEM,1.13958024,69.0000,3.0000,23.0000,27.6000,0.2000
2.1000,0.2000,100.0000,0.1,0.23810453,6.0000,3.0000,2.0000,2.2000,0.1000
2.1000,0.2000,100.0000,aEM,2.52065926,6.0000,3.0000,2.0000,2.2000,0.1000
2.1000,0.2000,10.0000,0.1,2.3838617,6.0000,3.0000,2.0000,2.2000,0.1000
2.1000,0.2000,10.0000,aEM,23.0527196,6.0000,3.0000,2.0000,2.2000,0.1000
2.1000,0.2000,1.0000,0.1,24.160887,6.0000,3.0000,2.0000,2.2000,0.1000
2.1000,0.2000,1.0000,aEM,142.558085,6.0000,3.0000,2.0000,2.2000,0.1000
2.2000,0.4000,100.0000,0.1,0.0074447595,6.0000,3.0000,2.0000,2.4000,0.2000
2.2000,0.4000,100.0000,aEM,0.0795832055,6.0000,3.0000,2.0000,2.4000,0.2000
2.2000,0.4000,10.0000,0.1,0.074453911,6.0000,3.0000,2.0000,2.4000,0.2000
2.2000,0.4000,10.0000,aEM,0.793268628,6.0000,3.0000,2.0000,2.4000,0.2000
2.2000,0.4000,1.0000,0.1,0.74480349,6.0000,3.0000,2.0000,2.4000,0.2000
2.2000,0.4000,1.0000,aEM,7.69084557,6.0000,3.0000,2.0000,2.4000,0.2000
35.7000,3.4000,100.0000,0.1,1.8844417467,71.4000,2.1000,34.0000,37.4000,0.1000
35.7000,3.4000,100.0000,aEM,0.1541745904,71.4000,2.1000,34.0000,37.4000,0.1000
35.7000,3.4000,10.0000,0.1,1.915789592,71.4000,2.1000,34.0000,37.4000,0.1000
35.7000,3.4000,10.0000,aEM,0.514439126,71.4000,2.1000,34.0000,37.4000,0.1000
35.7000,3.4000,1.0000,0.1,5.94975302,71.4000,2.1000,34.0000,37.4000,0.1000
35.7000,3.4000,1.0000,aEM,1.88478073,71.4000,2.1000,34.0000,37.4000,0.1000
37.4000,6.8000,100.0000,0.1,0.000115245414,71.4000,2.1000,34.0000,40.8000,0.2000
37.4000,6.8000,100.0000,aEM,0.000115245415,71.4000,2.1000,34.0000,40.8000,0.2000
37.4000,6.8000,10.0000,0.1,0.00115244074,71.4000,2.1000,34.0000,40.8000,0.2000
37.4000,6.8000,10.0000,aEM,0.00115247766,71.4000,2.1000,34.0000,40.8000,0.2000
37.4000,6.8000,1.0000,0.1,0.0115247756,71.4000,2.1000,34.0000,40.8000,0.2000
37.4000,6.8000,1.0000,aEM,0.0115263344,71.4000,2.1000,34.0000,40.8000,0.2000
25.2000,2.4000,100.0000,0.1,0.055912526,72.0000,3.0000,24.0000,26.4000,0.1000
25.2000,2.4000,100.0000,aEM,0.422600755,72.0000,3.0000,24.0000,26.4000,0.1000
25.2000,2.4000,10.0000,0.1,0.5592043,72.0000,3.0000,24.0000,26.4000,0.1000
25.2000,2.4000,10.0000,aEM,4.11988484,72.0000,3.0000,24.0000,26.4000,0.1000
25.2000,2.4000,1.0000,0.1,5.5990946,72.0000,3.0000,24.0000,26.4000,0.1000
25.2000,2.4000,1.0000,aEM,33.0547871,72.0000,3.0000,24.0000,26.4000,0.1000
26.4000,4.8000,100.0000,0.1,0.0017343091,72.0000,3.0000,24.0000,28.8000,0.2000
26.4000,4.8000,100.0000,aEM,0.0132311048,72.0000,3.0000,24.0000,28.8000,0.2000
26.4000,4.8000,10.0000,0.1,0.01734295,72.0000,3.0000,24.0000,28.8000,0.2000
26.4000,4.8000,10.0000,aEM,0.132130571,72.0000,3.0000,24.0000,28.8000,0.2000
26.4000,4.8000,1.0000,0.1,0.17343162,72.0000,3.0000,24.0000,28.8000,0.2000
26.4000,4.8000,1.0000,aEM,1.31126986,72.0000,3.0000,24.0000,28.8000,0.2000
36.7500,3.5000,100.0000,0.1,1.839313225,73.5000,2.1000,35.0000,38.5000,0.1000
36.7500,3.5000,100.0000,aEM,0.16173942,73.5000,2.1000,35.0000,38.5000,0.1000
36.7500,3.5000,10.0000,0.1,1.89109788,73.5000,2.1000,35.0000,38.5000,0.1000
36.7500,3.5000,10.0000,aEM,0.54095184,73.5000,2.1000,35.0000,38.5000,0.1000
36.7500,3.5000,1.0000,0.1,6.2657571,73.5000,2.1000,35.0000,38.5000,0.1000
36.7500,3.5000,1.0000,aEM,2.0157626,73.5000,2.1000,35.0000,38.5000,0.1000
38.5000,7.0000,100.0000,0.1,0.000128571967,73.5000,2.1000,35.0000,42.0000,0.2000
38.5000,7.0000,100.0000,aEM,0.000128568095,73.5000,2.1000,35.0000,42.0000,0.2000
38.5000,7.0000,10.0000,0.1,0.00128569315,73.5000,2.1000,35.0000,42.0000,0.2000
38.5000,7.0000,10.0000,aEM,0.00128570335,73.5000,2.1000,35.0000,42.0000,0.2000
38.5000,7.0000,1.0000,0.1,0.0128568095,73.5000,2.1000,35.0000,42.0000,0.2000
38.5000,7.0000,1.0000,aEM,0.0128585014,73.5000,2.1000,35.0000,42.0000,0.2000
37.8000,3.6000,100.0000,0.1,1.790131254,75.6000,2.1000,36.0000,39.6000,0.1000
37.8000,3.6000,100.0000,aEM,0.173311915,75.6000,2.1000,36.0000,39.6000,0.1000
37.8000,3.6000,10.0000,0.1,2.02179005,75.6000,2.1000,36.0000,39.6000,0.1000
37.8000,3.6000,10.0000,aEM,0.58240064,75.6000,2.1000,36.0000,39.6000,0.1000
37.8000,3.6000,1.0000,0.1,6.7515151,75.6000,2.1000,36.0000,39.6000,0.1000
37.8000,3.6000,1.0000,aEM,2.1777496,75.6000,2.1000,36.0000,39.6000,0.1000
39.6000,7.2000,100.0000,0.1,0.00014508159,75.6000,2.1000,36.0000,43.2000,0.2000
39.6000,7.2000,100.0000,aEM,0.000145076878,75.6000,2.1000,36.0000,43.2000,0.2000
26.2500,2.5000,100.0000,0.1,0.069790318,75.0000,3.0000,25.0000,27.5000,0.1000
39.6000,7.2000,10.0000,0.1,0.00145075837,75.6000,2.1000,36.0000,43.2000,0.2000
39.6000,7.2000,10.0000,aEM,0.00145080328,75.6000,2.1000,36.0000,43.2000,0.2000
39.6000,7.2000,1.0000,0.1,0.0145079308,75.6000,2.1000,36.0000,43.2000,0.2000
39.6000,7.2000,1.0000,aEM,0.0145096607,75.6000,2.1000,36.0000,43.2000,0.2000
26.2500,2.5000,100.0000,aEM,0.513876597,75.0000,3.0000,25.0000,27.5000,0.1000
26.2500,2.5000,10.0000,0.1,0.69798588,75.0000,3.0000,25.0000,27.5000,0.1000
26.2500,2.5000,10.0000,aEM,4.97755285,75.0000,3.0000,25.0000,27.5000,0.1000
26.2500,2.5000,1.0000,0.1,6.9900274,75.0000,3.0000,25.0000,27.5000,0.1000
26.2500,2.5000,1.0000,aEM,37.9607062,75.0000,3.0000,25.0000,27.5000,0.1000
27.5000,5.0000,100.0000,0.1,0.0021679355,75.0000,3.0000,25.0000,30.0000,0.2000
27.5000,5.0000,100.0000,aEM,0.016096606,75.0000,3.0000,25.0000,30.0000,0.2000
27.5000,5.0000,10.0000,0.1,0.021678982,75.0000,3.0000,25.0000,30.0000,0.2000
27.5000,5.0000,10.0000,aEM,0.160804304,75.0000,3.0000,25.0000,30.0000,0.2000
27.5000,5.0000,1.0000,0.1,0.21679868,75.0000,3.0000,25.0000,30.0000,0.2000
27.5000,5.0000,1.0000,aEM,1.59110582,75.0000,3.0000,25.0000,30.0000,0.2000
38.8500,3.7000,100.0000,0.1,1.738246946,77.7000,2.1000,37.0000,40.7000,0.1000
38.8500,3.7000,100.0000,aEM,0.189336757,77.7000,2.1000,37.0000,40.7000,0.1000
38.8500,3.7000,10.0000,0.1,2.20434097,77.7000,2.1000,37.0000,40.7000,0.1000
38.8500,3.7000,10.0000,aEM,0.64044227,77.7000,2.1000,37.0000,40.7000,0.1000
38.8500,3.7000,1.0000,0.1,7.3672684,77.7000,2.1000,37.0000,40.7000,0.1000
38.8500,3.7000,1.0000,aEM,2.4341975,77.7000,2.1000,37.0000,40.7000,0.1000
40.7000,7.4000,100.0000,0.1,0.000166140123,77.7000,2.1000,37.0000,44.4000,0.2000
40.7000,7.4000,100.0000,aEM,0.000166142544,77.7000,2.1000,37.0000,44.4000,0.2000
40.7000,7.4000,10.0000,0.1,0.00166144865,77.7000,2.1000,37.0000,44.4000,0.2000
40.7000,7.4000,10.0000,aEM,0.00166144865,77.7000,2.1000,37.0000,44.4000,0.2000
40.7000,7.4000,1.0000,0.1,0.0166142745,77.7000,2.1000,37.0000,44.4000,0.2000
40.7000,7.4000,1.0000,aEM,0.0166160253,77.7000,2.1000,37.0000,44.4000,0.2000
27.3000,2.6000,100.0000,0.1,0.09313208,78.0000,3.0000,26.0000,28.6000,0.1000
27.3000,2.6000,100.0000,aEM,0.67901041,78.0000,3.0000,26.0000,28.6000,0.1000
27.3000,2.6000,10.0000,0.1,0.9314263,78.0000,3.0000,26.0000,28.6000,0.1000
27.3000,2.6000,10.0000,aEM,6.4980998,78.0000,3.0000,26.0000,28.6000,0.1000
27.3000,2.6000,1.0000,0.1,9.329079,78.0000,3.0000,26.0000,28.6000,0.1000
27.3000,2.6000,1.0000,aEM,45.376501,78.0000,3.0000,26.0000,28.6000,0.1000
28.6000,5.2000,100.0000,0.1,0.0028855191,78.0000,3.0000,26.0000,31.2000,0.2000
28.6000,5.2000,100.0000,aEM,0.0212995953,78.0000,3.0000,26.0000,31.2000,0.2000
28.6000,5.2000,10.0000,0.1,0.028854658,78.0000,3.0000,26.0000,31.2000,0.2000
28.6000,5.2000,10.0000,aEM,0.212687947,78.0000,3.0000,26.0000,31.2000,0.2000
28.6000,5.2000,1.0000,0.1,0.28855944,78.0000,3.0000,26.0000,31.2000,0.2000
28.6000,5.2000,1.0000,aEM,2.09640332,78.0000,3.0000,26.0000,31.2000,0.2000
39.9000,3.8000,100.0000,0.1,1.686168855,79.8000,2.1000,38.0000,41.8000,0.1000
39.9000,3.8000,100.0000,aEM,0.211295217,79.8000,2.1000,38.0000,41.8000,0.1000
39.9000,3.8000,10.0000,0.1,2.45974587,79.8000,2.1000,38.0000,41.8000,0.1000
39.9000,3.8000,10.0000,aEM,0.71825637,79.8000,2.1000,38.0000,41.8000,0.1000
39.9000,3.8000,1.0000,0.1,8.2900264,79.8000,2.1000,38.0000,41.8000,0.1000
39.9000,3.8000,1.0000,aEM,2.7833528,79.8000,2.1000,38.0000,41.8000,0.1000
41.8000,7.6000,100.0000,0.1,0.000193095605,79.8000,2.1000,38.0000,45.6000,0.2000
41.8000,7.6000,100.0000,aEM,0.000193095815,79.8000,2.1000,38.0000,45.6000,0.2000
41.8000,7.6000,10.0000,0.1,0.00193095715,79.8000,2.1000,38.0000,45.6000,0.2000
41.8000,7.6000,10.0000,aEM,0.00193099157,79.8000,2.1000,38.0000,45.6000,0.2000
41.8000,7.6000,1.0000,0.1,0.0193099257,79.8000,2.1000,38.0000,45.6000,0.2000
41.8000,7.6000,1.0000,aEM,0.0193115425,79.8000,2.1000,38.0000,45.6000,0.2000
4.2000,0.4000,100.0000,0.1,2.998762892,8.4000,2.1000,4.0000,4.4000,0.1000
4.2000,0.4000,100.0000,aEM,0.415598986,8.4000,2.1000,4.0000,4.4000,0.1000
4.2000,0.4000,10.0000,0.1,4.85605912,8.4000,2.1000,4.0000,4.4000,0.1000
4.2000,0.4000,10.0000,aEM,1.36015387,8.4000,2.1000,4.0000,4.4000,0.1000
4.2000,0.4000,1.0000,0.1,15.8393945,8.4000,2.1000,4.0000,4.4000,0.1000
4.2000,0.4000,1.0000,aEM,4.9064394,8.4000,2.1000,4.0000,4.4000,0.1000
4.4000,0.8000,100.0000,0.1,0.00026227442,8.4000,2.1000,4.0000,4.8000,0.2000
4.4000,0.8000,100.0000,aEM,0.00026227775,8.4000,2.1000,4.0000,4.8000,0.2000
4.4000,0.8000,10.0000,0.1,0.0026227555,8.4000,2.1000,4.0000,4.8000,0.2000
4.4000,0.8000,10.0000,aEM,0.0026231305,8.4000,2.1000,4.0000,4.8000,0.2000
4.4000,0.8000,1.0000,0.1,0.026230269,8.4000,2.1000,4.0000,4.8000,0.2000
4.4000,0.8000,1.0000,aEM,0.026267193,8.4000,2.1000,4.0000,4.8000,0.2000
40.9500,3.9000,100.0000,0.1,1.626261871,81.9000,2.1000,39.0000,42.9000,0.1000
40.9500,3.9000,100.0000,aEM,0.245769363,81.9000,2.1000,39.0000,42.9000,0.1000
40.9500,3.9000,10.0000,0.1,2.87024323,81.9000,2.1000,39.0000,42.9000,0.1000
40.9500,3.9000,10.0000,aEM,0.84614181,81.9000,2.1000,39.0000,42.9000,0.1000
40.9500,3.9000,1.0000,0.1,9.7373089,81.9000,2.1000,39.0000,42.9000,0.1000
40.9500,3.9000,1.0000,aEM,3.323541,81.9000,2.1000,39.0000,42.9000,0.1000
42.9000,7.8000,100.0000,0.1,0.000226415372,81.9000,2.1000,39.0000,46.8000,0.2000
42.9000,7.8000,100.0000,aEM,0.00022640382,81.9000,2.1000,39.0000,46.8000,0.2000
42.9000,7.8000,10.0000,0.1,0.0022640161,81.9000,2.1000,39.0000,46.8000,0.2000
42.9000,7.8000,10.0000,aEM,0.00226414042,81.9000,2.1000,39.0000,46.8000,0.2000
42.9000,7.8000,1.0000,0.1,0.0226414242,81.9000,2.1000,39.0000,46.8000,0.2000
42.9000,7.8000,1.0000,aEM,0.0226421887,81.9000,2.1000,39.0000,46.8000,0.2000
28.3500,2.7000,100.0000,0.1,0.13807235,81.0000,3.0000,27.0000,29.7000,0.1000
28.3500,2.7000,100.0000,aEM,1.00654205,81.0000,3.0000,27.0000,29.7000,0.1000
28.3500,2.7000,10.0000,0.1,1.3808973,81.0000,3.0000,27.0000,29.7000,0.1000
28.3500,2.7000,10.0000,aEM,9.4022366,81.0000,3.0000,27.0000,29.7000,0.1000
28.3500,2.7000,1.0000,0.1,13.82262,81.0000,3.0000,27.0000,29.7000,0.1000
28.3500,2.7000,1.0000,aEM,56.382061,81.0000,3.0000,27.0000,29.7000,0.1000
29.7000,5.4000,100.0000,0.1,0.0042702196,81.0000,3.0000,27.0000,32.4000,0.2000
29.7000,5.4000,100.0000,aEM,0.0316623318,81.0000,3.0000,27.0000,32.4000,0.2000
29.7000,5.4000,10.0000,0.1,0.042701732,81.0000,3.0000,27.0000,32.4000,0.2000
29.7000,5.4000,10.0000,aEM,0.315886152,81.0000,3.0000,27.0000,32.4000,0.2000
29.7000,5.4000,1.0000,0.1,0.42710508,81.0000,3.0000,27.0000,32.4000,0.2000
29.7000,5.4000,1.0000,aEM,3.08691641,81.0000,3.0000,27.0000,32.4000,0.2000
42.0000,4.0000,100.0000,0.1,1.568612392,84.0000,2.1000,40.0000,44.0000,0.1000
42.0000,4.0000,100.0000,aEM,0.302828202,84.0000,2.1000,40.0000,44.0000,0.1000
42.0000,4.0000,10.0000,0.1,3.52428332,84.0000,2.1000,40.0000,44.0000,0.1000
42.0000,4.0000,10.0000,aEM,1.05441294,84.0000,2.1000,40.0000,44.0000,0.1000
42.0000,4.0000,1.0000,0.1,12.1131153,84.0000,2.1000,40.0000,44.0000,0.1000
42.0000,4.0000,1.0000,aEM,4.2265644,84.0000,2.1000,40.0000,44.0000,0.1000
44.0000,8.0000,100.0000,0.1,0.000253734646,84.0000,2.1000,40.0000,48.0000,0.2000
44.0000,8.0000,100.0000,aEM,0.000253731783,84.0000,2.1000,40.0000,48.0000,0.2000
44.0000,8.0000,10.0000,0.1,0.00253720442,84.0000,2.1000,40.0000,48.0000,0.2000
44.0000,8.0000,10.0000,aEM,0.00253720542,84.0000,2.1000,40.0000,48.0000,0.2000
44.0000,8.0000,1.0000,0.1,0.0253720542,84.0000,2.1000,40.0000,48.0000,0.2000
44.0000,8.0000,1.0000,aEM,0.0253735584,84.0000,2.1000,40.0000,48.0000,0.2000
29.4000,2.8000,100.0000,0.1,0.23902862,84.0000,3.0000,28.0000,30.8000,0.1000
29.4000,2.8000,100.0000,aEM,1.81468152,84.0000,3.0000,28.0000,30.8000,0.1000
29.4000,2.8000,10.0000,0.1,2.3906014,84.0000,3.0000,28.0000,30.8000,0.1000
29.4000,2.8000,10.0000,aEM,15.99406,84.0000,3.0000,28.0000,30.8000,0.1000
29.4000,2.8000,1.0000,0.1,23.949134,84.0000,3.0000,28.0000,30.8000,0.1000
29.4000,2.8000,1.0000,aEM,70.8292,84.0000,3.0000,28.0000,30.8000,0.1000
30.8000,5.6000,100.0000,0.1,0.007430664,84.0000,3.0000,28.0000,33.6000,0.2000
30.8000,5.6000,100.0000,aEM,0.057427668,84.0000,3.0000,28.0000,33.6000,0.2000
30.8000,5.6000,10.0000,0.1,0.07430664,84.0000,3.0000,28.0000,33.6000,0.2000
30.8000,5.6000,10.0000,aEM,0.57185789,84.0000,3.0000,28.0000,33.6000,0.2000
30.8000,5.6000,1.0000,0.1,0.74304,84.0000,3.0000,28.0000,33.6000,0.2000
30.8000,5.6000,1.0000,aEM,5.4722765,84.0000,3.0000,28.0000,33.6000,0.2000
43.0500,4.1000,100.0000,0.1,1.523909312,86.1000,2.1000,41.0000,45.1000,0.1000
43.0500,4.1000,100.0000,aEM,0.412214948,86.1000,2.1000,41.0000,45.1000,0.1000
43.0500,4.1000,10.0000,0.1,4.78868979,86.1000,2.1000,41.0000,45.1000,0.1000
43.0500,4.1000,10.0000,aEM,1.44651262,86.1000,2.1000,41.0000,45.1000,0.1000
43.0500,4.1000,1.0000,0.1,16.6028926,86.1000,2.1000,41.0000,45.1000,0.1000
43.0500,4.1000,1.0000,aEM,5.8876912,86.1000,2.1000,41.0000,45.1000,0.1000
45.1000,8.2000,100.0000,0.1,0.000213671606,86.1000,2.1000,41.0000,49.2000,0.2000
45.1000,8.2000,100.0000,aEM,0.000213662322,86.1000,2.1000,41.0000,49.2000,0.2000
45.1000,8.2000,10.0000,0.1,0.00213661212,86.1000,2.1000,41.0000,49.2000,0.2000
45.1000,8.2000,10.0000,aEM,0.00213661113,86.1000,2.1000,41.0000,49.2000,0.2000
45.1000,8.2000,1.0000,0.1,0.0213663423,86.1000,2.1000,41.0000,49.2000,0.2000
45.1000,8.2000,1.0000,aEM,0.0213637263,86.1000,2.1000,41.0000,49.2000,0.2000
30.4500,2.9000,100.0000,0.1,0.53337732,87.0000,3.0000,29.0000,31.9000,0.1000
30.4500,2.9000,100.0000,aEM,4.68574262,87.0000,3.0000,29.0000,31.9000,0.1000
30.4500,2.9000,10.0000,0.1,5.3287413,87.0000,3.0000,29.0000,31.9000,0.1000
30.4500,2.9000,10.0000,aEM,33.7258705,87.0000,3.0000,29.0000,31.9000,0.1000
30.4500,2.9000,1.0000,0.1,53.379084,87.0000,3.0000,29.0000,31.9000,0.1000
30.4500,2.9000,1.0000,aEM,62.797896,87.0000,3.0000,29.0000,31.9000,0.1000
31.9000,5.8000,100.0000,0.1,0.01654601,87.0000,3.0000,29.0000,34.8000,0.2000
31.9000,5.8000,100.0000,aEM,0.152726442,87.0000,3.0000,29.0000,34.8000,0.2000
31.9000,5.8000,10.0000,0.1,0.16546141,87.0000,3.0000,29.0000,34.8000,0.2000
31.9000,5.8000,10.0000,aEM,1.50875482,87.0000,3.0000,29.0000,34.8000,0.2000
31.9000,5.8000,1.0000,0.1,1.6546947,87.0000,3.0000,29.0000,34.8000,0.2000
31.9000,5.8000,1.0000,aEM,13.339464,87.0000,3.0000,29.0000,34.8000,0.2000
44.1000,4.2000,100.0000,0.1,2.383702467,88.2000,2.1000,42.0000,46.2000,0.1000
44.1000,4.2000,100.0000,aEM,0.677265695,88.2000,2.1000,42.0000,46.2000,0.1000
44.1000,4.2000,10.0000,0.1,7.84560207,88.2000,2.1000,42.0000,46.2000,0.1000
44.1000,4.2000,10.0000,aEM,2.39150184,88.2000,2.1000,42.0000,46.2000,0.1000
44.1000,4.2000,1.0000,0.1,27.3685677,88.2000,2.1000,42.0000,46.2000,0.1000
44.1000,4.2000,1.0000,aEM,9.0976965,88.2000,2.1000,42.0000,46.2000,0.1000
46.2000,8.4000,100.0000,0.1,6.7679968e-05,88.2000,2.1000,42.0000,50.4000,0.2000
46.2000,8.4000,100.0000,aEM,6.76821864e-05,88.2000,2.1000,42.0000,50.4000,0.2000
46.2000,8.4000,10.0000,0.1,0.000676818532,88.2000,2.1000,42.0000,50.4000,0.2000
46.2000,8.4000,10.0000,aEM,0.000676737937,88.2000,2.1000,42.0000,50.4000,0.2000
46.2000,8.4000,1.0000,0.1,0.00676766579,88.2000,2.1000,42.0000,50.4000,0.2000
46.2000,8.4000,1.0000,aEM,0.0067683958,88.2000,2.1000,42.0000,50.4000,0.2000
45.1500,4.3000,100.0000,0.1,7.61317098,90.3000,2.1000,43.0000,47.3000,0.1000
45.1500,4.3000,100.0000,aEM,2.02192766,90.3000,2.1000,43.0000,47.3000,0.1000
45.1500,4.3000,10.0000,0.1,23.8259311,90.3000,2.1000,43.0000,47.3000,0.1000
45.1500,4.3000,10.0000,aEM,4.2656744,90.3000,2.1000,43.0000,47.3000,0.1000
45.1500,4.3000,1.0000,0.1,57.992104,90.3000,2.1000,43.0000,47.3000,0.1000
45.1500,4.3000,1.0000,aEM,2.2621012,90.3000,2.1000,43.0000,47.3000,0.1000
47.3000,8.6000,100.0000,0.1,5.68231678e-05,90.3000,2.1000,43.0000,51.6000,0.2000
47.3000,8.6000,100.0000,aEM,5.67938182e-05,90.3000,2.1000,43.0000,51.6000,0.2000
47.3000,8.6000,10.0000,0.1,0.000568008609,90.3000,2.1000,43.0000,51.6000,0.2000
47.3000,8.6000,10.0000,aEM,0.000565312545,90.3000,2.1000,43.0000,51.6000,0.2000
47.3000,8.6000,1.0000,0.1,0.00566091939,90.3000,2.1000,43.0000,51.6000,0.2000
47.3000,8.6000,1.0000,aEM,0.00533988842,90.3000,2.1000,43.0000,51.6000,0.2000
31.5000,3.0000,100.0000,0.1,1.5012349,90.0000,3.0000,30.0000,33.0000,0.1000
31.5000,3.0000,100.0000,aEM,28.9615332,90.0000,3.0000,30.0000,33.0000,0.1000
31.5000,3.0000,10.0000,0.1,15.081388,90.0000,3.0000,30.0000,33.0000,0.1000
31.5000,3.0000,10.0000,aEM,21.568034,90.0000,3.0000,30.0000,33.0000,0.1000
31.5000,3.0000,1.0000,0.1,107.92174,90.0000,3.0000,30.0000,33.0000,0.1000
31.5000,3.0000,1.0000,aEM,23.040233,90.0000,3.0000,30.0000,33.0000,0.1000
33.0000,6.0000,100.0000,0.1,0.047254294,90.0000,3.0000,30.0000,36.0000,0.2000
33.0000,6.0000,100.0000,aEM,1.51548708,90.0000,3.0000,30.0000,36.0000,0.2000
33.0000,6.0000,10.0000,0.1,0.47259871,90.0000,3.0000,30.0000,36.0000,0.2000
33.0000,6.0000,10.0000,aEM,12.7527387,90.0000,3.0000,30.0000,36.0000,0.2000
33.0000,6.0000,1.0000,0.1,4.7327545,90.0000,3.0000,30.0000,36.0000,0.2000
33.0000,6.0000,1.0000,aEM,37.964571,90.0000,3.0000,30.0000,36.0000,0.2000
46.2000,4.4000,100.0000,0.1,5.12986036477,92.4000,2.1000,44.0000,48.4000,0.1000
46.2000,4.4000,100.0000,aEM,1.23488934603,92.4000,2.1000,44.0000,48.4000,0.1000
46.2000,4.4000,10.0000,0.1,14.819352356,92.4000,2.1000,44.0000,48.4000,0.1000
46.2000,4.4000,10.0000,aEM,2.4605379357,92.4000,2.1000,44.0000,48.4000,0.1000
46.2000,4.4000,1.0000,0.1,32.40519482,92.4000,2.1000,44.0000,48.4000,0.1000
46.2000,4.4000,1.0000,aEM,1.2290542,92.4000,2.1000,44.0000,48.4000,0.1000
48.4000,8.8000,100.0000,0.1,2.17139391e-05,92.4000,2.1000,44.0000,52.8000,0.2000
48.4000,8.8000,100.0000,aEM,2.17062013e-05,92.4000,2.1000,44.0000,52.8000,0.2000
48.4000,8.8000,10.0000,0.1,0.000217047065,92.4000,2.1000,44.0000,52.8000,0.2000
48.4000,8.8000,10.0000,aEM,0.000216417066,92.4000,2.1000,44.0000,52.8000,0.2000
48.4000,8.8000,1.0000,0.1,0.00216533759,92.4000,2.1000,44.0000,52.8000,0.2000
48.4000,8.8000,1.0000,aEM,0.00212447956,92.4000,2.1000,44.0000,52.8000,0.2000
32.5500,3.1000,100.0000,0.1,1.1115902,93.0000,3.0000,31.0000,34.1000,0.1000
32.5500,3.1000,100.0000,aEM,16.9984364,93.0000,3.0000,31.0000,34.1000,0.1000
32.5500,3.1000,10.0000,0.1,11.126037,93.0000,3.0000,31.0000,34.1000,0.1000
32.5500,3.1000,10.0000,aEM,40.342402,93.0000,3.0000,31.0000,34.1000,0.1000
32.5500,3.1000,1.0000,0.1,113.11728,93.0000,3.0000,31.0000,34.1000,0.1000
32.5500,3.1000,1.0000,aEM,32.645899,93.0000,3.0000,31.0000,34.1000,0.1000
34.1000,6.2000,100.0000,0.1,0.034672134,93.0000,3.0000,31.0000,37.2000,0.2000
34.1000,6.2000,100.0000,aEM,0.66817579,93.0000,3.0000,31.0000,37.2000,0.2000
34.1000,6.2000,10.0000,0.1,0.34672786,93.0000,3.0000,31.0000,37.2000,0.2000
34.1000,6.2000,10.0000,aEM,6.20861528,93.0000,3.0000,31.0000,37.2000,0.2000
34.1000,6.2000,1.0000,0.1,3.4676941,93.0000,3.0000,31.0000,37.2000,0.2000
34.1000,6.2000,1.0000,aEM,34.8935183,93.0000,3.0000,31.0000,37.2000,0.2000
47.2500,4.5000,100.0000,0.1,1.86987711943,94.5000,2.1000,45.0000,49.5000,0.1000
47.2500,4.5000,100.0000,aEM,0.49148082327,94.5000,2.1000,45.0000,49.5000,0.1000
47.2500,4.5000,10.0000,0.1,5.7895274853,94.5000,2.1000,45.0000,49.5000,0.1000
47.2500,4.5000,10.0000,aEM,1.4083926369,94.5000,2.1000,45.0000,49.5000,0.1000
47.2500,4.5000,1.0000,0.1,16.852465421,94.5000,2.1000,45.0000,49.5000,0.1000
47.2500,4.5000,1.0000,aEM,3.019959221,94.5000,2.1000,45.0000,49.5000,0.1000
49.5000,9.0000,100.0000,0.1,8.8406734e-06,94.5000,2.1000,45.0000,54.0000,0.2000
49.5000,9.0000,100.0000,aEM,8.8410653e-06,94.5000,2.1000,45.0000,54.0000,0.2000
49.5000,9.0000,10.0000,0.1,8.840953e-05,94.5000,2.1000,45.0000,54.0000,0.2000
49.5000,9.0000,10.0000,aEM,8.8396299e-05,94.5000,2.1000,45.0000,54.0000,0.2000
49.5000,9.0000,1.0000,0.1,0.00088398721,94.5000,2.1000,45.0000,54.0000,0.2000
49.5000,9.0000,1.0000,aEM,0.00088514119,94.5000,2.1000,45.0000,54.0000,0.2000
48.3000,4.6000,100.0000,0.1,1.21833997019,96.6000,2.1000,46.0000,50.6000,0.1000
48.3000,4.6000,100.0000,aEM,0.2974640239,96.6000,2.1000,46.0000,50.6000,0.1000
48.3000,4.6000,10.0000,0.1,3.4908176947,96.6000,2.1000,46.0000,50.6000,0.1000
48.3000,4.6000,10.0000,aEM,0.8975273543,96.6000,2.1000,46.0000,50.6000,0.1000
48.3000,4.6000,1.0000,0.1,10.61101171,96.6000,2.1000,46.0000,50.6000,0.1000
48.3000,4.6000,1.0000,aEM,2.404466476,96.6000,2.1000,46.0000,50.6000,0.1000
50.6000,9.2000,100.0000,0.1,6.0708763e-06,96.6000,2.1000,46.0000,55.2000,0.2000
50.6000,9.2000,100.0000,aEM,6.0707369e-06,96.6000,2.1000,46.0000,55.2000,0.2000
50.6000,9.2000,10.0000,0.1,6.0706897e-05,96.6000,2.1000,46.0000,55.2000,0.2000
50.6000,9.2000,10.0000,aEM,6.070681e-05,96.6000,2.1000,46.0000,55.2000,0.2000
50.6000,9.2000,1.0000,0.1,0.0006070681,96.6000,2.1000,46.0000,55.2000,0.2000
50.6000,9.2000,1.0000,aEM,0.00060717147,96.6000,2.1000,46.0000,55.2000,0.2000
33.6000,3.2000,100.0000,0.1,0.34387727,96.0000,3.0000,32.0000,35.2000,0.1000
33.6000,3.2000,100.0000,aEM,3.07580297,96.0000,3.0000,32.0000,35.2000,0.1000
33.6000,3.2000,10.0000,0.1,3.4394946,96.0000,3.0000,32.0000,35.2000,0.1000
33.6000,3.2000,10.0000,aEM,23.4939547,96.0000,3.0000,32.0000,35.2000,0.1000
33.6000,3.2000,1.0000,0.1,34.477844,96.0000,3.0000,32.0000,35.2000,0.1000
33.6000,3.2000,1.0000,aEM,49.973214,96.0000,3.0000,32.0000,35.2000,0.1000
35.2000,6.4000,100.0000,0.1,0.010581097,96.0000,3.0000,32.0000,38.4000,0.2000
35.2000,6.4000,100.0000,aEM,0.099322434,96.0000,3.0000,32.0000,38.4000,0.2000
35.2000,6.4000,10.0000,0.1,0.10581338,96.0000,3.0000,32.0000,38.4000,0.2000
35.2000,6.4000,10.0000,aEM,0.98407615,96.0000,3.0000,32.0000,38.4000,0.2000
35.2000,6.4000,1.0000,0.1,1.058151,96.0000,3.0000,32.0000,38.4000,0.2000
35.2000,6.4000,1.0000,aEM,8.9015902,96.0000,3.0000,32.0000,38.4000,0.2000
49.3500,4.7000,100.0000,0.1,1.17008664409,98.7000,2.1000,47.0000,51.7000,0.1000
49.3500,4.7000,100.0000,aEM,0.21054604993,98.7000,2.1000,47.0000,51.7000,0.1000
49.3500,4.7000,10.0000,0.1,2.4727550822,98.7000,2.1000,47.0000,51.7000,0.1000
49.3500,4.7000,10.0000,aEM,0.6465845256,98.7000,2.1000,47.0000,51.7000,0.1000
49.3500,4.7000,1.0000,0.1,7.613998163,98.7000,2.1000,47.0000,51.7000,0.1000
49.3500,4.7000,1.0000,aEM,1.864877125,98.7000,2.1000,47.0000,51.7000,0.1000
51.7000,9.4000,100.0000,0.1,4.6069115e-06,98.7000,2.1000,47.0000,56.4000,0.2000
51.7000,9.4000,100.0000,aEM,4.6069657e-06,98.7000,2.1000,47.0000,56.4000,0.2000
51.7000,9.4000,10.0000,0.1,4.6069656e-05,98.7000,2.1000,47.0000,56.4000,0.2000
51.7000,9.4000,10.0000,aEM,4.6071629e-05,98.7000,2.1000,47.0000,56.4000,0.2000
51.7000,9.4000,1.0000,0.1,0.00046071509,98.7000,2.1000,47.0000,56.4000,0.2000
51.7000,9.4000,1.0000,aEM,0.00046080076,98.7000,2.1000,47.0000,56.4000,0.2000
34.6500,3.3000,100.0000,0.1,0.14425711,99.0000,3.0000,33.0000,36.3000,0.1000
34.6500,3.3000,100.0000,aEM,1.18792208,99.0000,3.0000,33.0000,36.3000,0.1000
34.6500,3.3000,10.0000,0.1,1.4429985,99.0000,3.0000,33.0000,36.3000,0.1000
34.6500,3.3000,10.0000,aEM,10.5687934,99.0000,3.0000,33.0000,36.3000,0.1000
34.6500,3.3000,1.0000,0.1,14.457491,99.0000,3.0000,33.0000,36.3000,0.1000
34.6500,3.3000,1.0000,aEM,50.40903,99.0000,3.0000,33.0000,36.3000,0.1000
36.3000,6.6000,100.0000,0.1,0.0044166137,99.0000,3.0000,33.0000,39.6000,0.2000
36.3000,6.6000,100.0000,aEM,0.0374920997,99.0000,3.0000,33.0000,39.6000,0.2000
36.3000,6.6000,10.0000,0.1,0.044166935,99.0000,3.0000,33.0000,39.6000,0.2000
36.3000,6.6000,10.0000,aEM,0.37339554,99.0000,3.0000,33.0000,39.6000,0.2000
36.3000,6.6000,1.0000,0.1,0.44169687,99.0000,3.0000,33.0000,39.6000,0.2000
36.3000,6.6000,1.0000,aEM,3.59173386,99.0000,3.0000,33.0000,39.6000,0.2000
3.1500,0.3000,100.0000,0.1,0.158299182,9.0000,3.0000,3.0000,3.3000,0.1000
3.1500,0.3000,100.0000,aEM,1.680207829,9.0000,3.0000,3.0000,3.3000,0.1000
3.1500,0.3000,10.0000,0.1,1.58410155,9.0000,3.0000,3.0000,3.3000,0.1000
3.1500,0.3000,10.0000,aEM,15.79512038,9.0000,3.0000,3.0000,3.3000,0.1000
3.1500,0.3000,1.0000,0.1,15.9710453,9.0000,3.0000,3.0000,3.3000,0.1000
3.1500,0.3000,1.0000,aEM,105.713932,9.0000,3.0000,3.0000,3.3000,0.1000
3.3000,0.6000,100.0000,0.1,0.004952503,9.0000,3.0000,3.0000,3.6000,0.2000
3.3000,0.6000,100.0000,aEM,0.0528537045,9.0000,3.0000,3.0000,3.6000,0.2000
3.3000,0.6000,10.0000,0.1,0.049525543,9.0000,3.0000,3.0000,3.6000,0.2000
3.3000,0.6000,10.0000,aEM,0.527415888,9.0000,3.0000,3.0000,3.6000,0.2000
3.3000,0.6000,1.0000,0.1,0.49555534,9.0000,3.0000,3.0000,3.6000,0.2000
3.3000,0.6000,1.0000,aEM,5.16480616,9.0000,3.0000,3.0000,3.6000,0.2000
